CONCEPTICON_ID	CONCEPTICON_GLOSS	ENGLISH	ENGLISH_CONCRETENESS_GPT_SCORE	ENGLISH_VALENCE_GPT_SCORE	ENGLISH_AROUSAL_GPT_SCORE	LINE_IN_SOURCE
1	CONTEMPTIBLE	contemptible	1	2	5	24139
10	FIREWOOD	firewood	5	5	2	43089
100	FAITHFUL	faithful	2	8	3	41266
1000	ANXIETY	anxiety	1	2	8	4715
1001	BLACKSMITH	blacksmith	5	5	3	11319
1002	STATUE	statue	5	5	1	107011
1003	PERMIT	allow	1	5	1	2887
1004	MUSCLE	muscle	5	6	5	74441
1005	TWINS	twins	5	7	3	116940
1006	BRICK	brick	5	5	1	13739
1007	COW	cow	5	5	1	25902
1008	BULL	bull	5	5	3	14587
1009	CHESTNUT TREE	buckeye	5	5	3	14368
101	BOAST	boast	1	5	5	12069
1010	BOUNDARY	boundary	3	5	2	13001
1011	BRIDGE	bridge	4	5	1	13786
1012	LATCH	latch	4	5	3	64686
1013	FRESHWATER EEL	eel	5	5	2	36289
1014	OR	or	1	5	1	78766
1016	DRIZZLE	drizzle	4	6	1	34980
1017	APPEARANCE	appearance	2	5	3	4986
1018	MEMORY	memory	2	6	3	70608
1019	RIGHT	right	1	5	2	95573
102	COMMON COLD (DISEASE)	common	1	5	1	22418
1020	HANDKERCHIEF	handkerchief	5	5	1	51572
1021	TOWEL	towel	5	5	1	114855
1024	CHARACTER	character	2	5	1	18483
1025	WHISTLE	whistle	4	5	3	123890
1027	BUG	bug	3	5	3	14489
1028	YAWN	yawn	4	5	1	125775
1029	JEWEL	jewel	5	7	3	61829
1030	NECESSARY	necessary	1	5	3	75304
1032	CITIZEN	citizen	3	6	2	20176
1033	GRIND	grind	3	5	5	50159
1034	DEFENDANT	defendant	3	5	3	29297
1035	GOOD	good	1	8	1	49087
1036	OWNER	owner	3	5	3	80362
1037	ELF	elf	3	6	3	36871
1038	TEACHER	teacher	4	7	3	111834
1039	SHOW	show	2	5	3	101677
1040	HAIR	hair	5	5	1	51205
1041	INCREASE	increase	1	6	5	57843
1042	CARPENTER	carpenter	5	6	2	16908
1043	BRAID	braid	4	7	1	13265
1044	PILLOW	pillow	5	7	1	84454
1045	POET	poet	4	7	3	85689
1046	SHUT	close	1	5	3	20870
1047	PURSUE	pursue	1	6	5	89920
1048	LINE	line	3	5	1	66376
1049	MOLAR TOOTH	molar	4	5	1	72886
105	MATTRESS	mattress	5	6	1	69956
1050	MOTHER-IN-LAW	mother-in-law	5	5	5	73702
1052	LIGHT (WEIGHT)	light (weight)	3	6	2	66116
1053	HUNTER	hunter	4	5	7	55429
1054	SMALLPOX	smallpox	5	1	8	103579
1055	FATHER-IN-LAW	father-in-law	5	5	3	41733
1056	SON-IN-LAW	son-in-law	5	5	3	104774
1057	DAUGHTER-IN-LAW	daughter-in-law	5	6	3	28401
1058	STEPDAUGHTER	stepdaughter	5	5	3	107266
1059	STEPSON	stepson	5	5	3	107305
106	SATIATED	sated	2	7	1	97989
1061	ARMOUR	armor	4	5	5	5713
1062	LAW	law	1	5	3	64896
1063	NEPHEW	nephew	4	7	2	75563
1064	SHIELD	shield	4	6	3	101222
1065	SPIDER WEB	web	3	5	2	123161
1066	CRIME	crime	2	1	7	26552
1067	JUDGMENT	judgment	1	5	5	62289
1068	COURT	court	3	5	3	25787
1069	GLUE	glue	5	5	1	48696
107	OMEN	omen	2	3	5	78313
1070	BUS	bus	5	5	2	15027
1071	HOOK	hook	3	5	5	54580
1072	PRISONER	prisoner	4	3	7	88165
1074	FISHHOOK	fishhook	5	5	3	43173
1075	TRAP (PITFALL)	trap	3	5	5	115516
1076	EMERGE (APPEAR)	appear	1	5	2	4985
1077	WHEAT	wheat	5	6	1	123630
1078	MAIN	main	1	5	1	68548
1079	FEEL	feel	1	5	3	42048
108	RUDDER	rudder	5	5	1	96778
1080	VULGAR	vulgar	1	2	5	122186
1081	BILL	bill	3	5	2	10699
1082	MERCHANT	merchant	4	5	1	70795
1084	CALL	call	3	5	3	15768
1085	FOLLOW	follow	1	5	2	44458
1086	WORK (ACTIVITY)	activity	2	6	5	1023
1087	CONCEIVE	conceive	1	6	3	22948
1088	SINK (DESCEND)	sink	4	5	1	102500
109	FOREIGN	foreign	1	5	3	44805
1090	BE BORN	born	1	7	1	12810
1091	SALTY	salty	3	5	3	97557
1092	HOPE	hope	1	8	3	54638
1093	MIDDLE	middle	3	5	1	71457
1094	FASTEN	fasten	3	5	3	41678
1095	LET GO OR SET FREE	release	2	6	5	93461
1096	SONG	song	3	7	3	104746
1097	ABANDON	abandon	1	2	6	23
1098	WEIGH	weigh	3	5	1	123301
11	DARKNESS	darkness	2	4	5	28285
110	MOTOR	motor	4	5	3	73757
1100	COOK (SOMETHING)	cook	3	6	3	24604
1101	SUFFER	suffer	1	1	7	109234
1102	CLIMB	climb	3	5	5	20720
1103	SACRIFICE	sacrifice	2	5	6	97206
1104	NURSE	nurse	4	8	3	77384
1105	CAMP	camp	4	6	3	15962
1107	GO OUT	out	1	5	2	79292
1108	UNCOVER	uncover	2	6	5	117799
1109	WOUND	wound	4	3	7	125367
111	DRUMMING	drumming	4	7	6	35140
1110	SHARK	shark	5	5	7	100958
1111	CAR	car	5	5	3	16509
1112	SUCCEED	succeed	1	9	6	109132
1113	WRAP	wrap	3	5	1	125401
1114	BULLET	bullet	5	3	8	14602
1115	SPEECH	speech	2	5	3	105505
1117	LIKE	like	1	5	1	66199
1119	DIVIDE	divide	2	5	2	33591
112	TURTLE	turtle	5	6	1	116772
1120	HONEST	honest	1	8	2	54467
1121	SECRET	secret	2	5	6	99508
1122	WAGES	wages	3	5	3	122285
1123	PREGNANT	pregnant	4	7	6	87458
1124	PIPE	pipe	5	5	1	84681
1125	BALD	bald	3	5	2	8049
1126	CITRUS FRUIT	citron	5	5	3	20191
1127	SEND	send	3	5	1	100126
1128	ORDER	order	2	5	1	78870
1129	PAINFUL	painful	2	1	7	80639
113	SHORE	shore	5	6	2	101551
1132	BEAM	beam	3	5	1	9225
1133	MATCH	match	3	5	5	69803
1134	DIVORCE	divorce	2	3	7	33638
1135	KICK	kick	3	5	5	63072
1136	RABBIT	rabbit	5	7	2	90696
1137	TENDON	tendon	5	5	1	112341
1138	FAIRY	fairy	3	7	3	41249
1139	LEOPARD	leopard	5	6	6	65561
114	PORPOISE	porpoise	5	7	1	86444
1140	FATIGUE	fatigue	2	3	2	41755
1141	PITY	pity	1	3	3	84878
1142	URINE	urine	5	3	3	120256
1143	OVEN	oven	5	5	1	79718
1144	WITNESS	witness	3	5	5	124799
1145	SWAMP	swamp	5	5	3	110268
1146	AUBERGINE	eggplant	5	5	1	36437
1147	PURE	pure	1	7	1	89816
1148	BRUISE	bruise	4	3	5	14234
1149	ORPHAN	orphan	3	3	6	79048
1150	THUNDER	thunder	4	5	7	113470
1151	VEIL	veil	4	5	2	120872
1152	BEGET	beget	1	5	3	9652
1153	CATTLE	cattle	5	5	1	17544
1154	OLIVE	olive	5	5	1	78262
1155	CAVE	cave	5	5	1	17651
1156	OPEN	open	1	5	1	78545
1157	BECAUSE	because	1	5	1	9392
1158	STEP	step	3	5	1	107259
1159	FART	fart	4	4	3	41616
116	LARCH	larch	5	5	1	64556
1160	THIEF	thief	4	1	7	113099
1161	THREAD	thread	4	5	1	113289
1162	INTENTION	intention	1	5	3	59704
1163	BRIBE (AMOUNT)	bribe	3	2	6	13728
1165	MOUSTACHE	moustache	5	5	2	73902
1166	MOULD	mould	3	3	1	73816
1167	GRUEL	gruel	5	3	1	50466
1168	HAWTHORN	hawthorn	5	5	1	52294
1169	OX	ox	5	5	1	80372
117	IMITATE	imitate	1	5	2	56628
1171	MIRROR	mirror	5	5	2	72092
1172	SHOOT	shoot	3	3	9	101498
1173	EYEBROW	eyebrow	5	5	1	40909
1174	YESTERDAY	yesterday	2	5	2	125901
1175	GHOST	ghost	3	5	6	48004
1176	SPADE	spade	5	5	2	105207
1177	DIARRHEA	diarrhea	5	1	6	31405
1178	NOSTRIL	nostril	5	5	2	77039
118	BEWITCH	bewitch	2	6	6	10418
1182	NOISE	noise	3	4	5	76359
1183	PALM OF HAND	palm	3	5	1	80822
1184	DIMINISH	diminish	1	4	2	31843
1185	VULTURE	vulture	5	3	5	122209
1187	GOOSE	goose	5	5	2	49185
1188	CHARCOAL	charcoal	5	5	1	18500
1189	ULCER	ulcer	5	2	5	117150
119	DIVE	dive	3	6	5	33534
1190	HARE	hare	5	5	2	51905
1192	THREATEN	threaten	1	2	8	113300
1193	STEAM	steam	4	5	3	107091
1194	BEAVER	beaver	5	5	3	9381
1197	BABOON	baboon	5	5	3	7570
1198	MANY	many	1	5	1	69217
1199	WIFE	wife	5	7	5	124185
12	MIDDAY	noon	4	5	1	76876
120	PITCHER	pitcher	5	5	2	84815
1200	HUSBAND	husband	4	7	5	55493
1201	FEATHER	feather	5	6	1	41932
1202	BIG	big	1	5	3	10599
1203	LONG	long	1	5	1	67200
1204	BARK	bark	3	5	3	8616
1205	TONGUE	tongue	5	5	3	114386
1206	BARKING	bark (dog)	5	6	5	8617
1207	YOUNG	young	2	7	5	126019
1208	CAT	cat	5	7	1	17277
1209	I	i	1	5	1	56033
121	SPIN	spin	3	5	5	105717
1210	HEAVY	heavy	1	5	3	52678
1211	HE	he	1	5	1	52366
1212	WE	we	1	7	1	123050
1213	YOU	you	1	5	3	126015
1214	THIS	this	1	5	1	113193
1215	THOU	thou	1	5	1	113257
1216	MOTHER	mother	3	8	5	73693
1217	FATHER	father	4	8	3	41726
1218	ROPE	rope	5	5	3	96348
1219	WORM	worm	5	5	2	125286
122	CART	wagon	5	5	1	122304
1220	TAIL	tail	5	5	1	111114
1221	NOSE	nose	5	5	1	76989
1222	PENIS	penis	5	5	7	82667
1223	HEART	heart	5	7	5	52553
1224	LIVER	liver	5	5	2	66789
1225	DAY (NOT NIGHT)	day	3	5	1	28447
1226	YEAR	year	2	5	1	125798
1227	BOARD	board	3	5	1	12041
1228	EARTH (SOIL)	earth	3	5	1	35856
1229	OLD	old	1	5	1	78194
123	FOREHEAD	forehead	5	5	1	44803
1230	DIRTY	dirty	1	3	5	32126
1231	NEW	new	1	5	3	75804
1232	WARM	warm	3	7	2	122606
1233	NIGHT	night	4	5	1	76040
1234	SMOOTH	smooth	3	7	1	103744
1235	WHO	who	1	5	1	124004
1236	WHAT	what	1	5	1	123606
1237	WHERE	where	1	5	1	123710
1238	WHEN	when	1	5	1	123698
1239	HOW	how	1	5	1	55097
124	THORN	thorn	5	3	3	113229
1240	NOT	not	1	5	1	77047
1241	SOME	some	1	5	1	104675
1242	FEW	few	1	5	2	42442
1243	WIDE	wide	1	5	1	124132
1244	THICK	thick	3	5	1	113075
1245	BUTTER	butter	5	7	1	15172
1246	SMALL	small	1	5	1	103562
1247	EAR	ear	5	5	1	35790
1248	EYE	eye	5	5	1	40897
125	SWEAT (SUBSTANCE)	sweat	4	5	5	110370
1250	JAGUAR	jaguar	5	7	6	61423
1251	BELLY	belly	5	5	2	9902
1252	HOUSE	house	5	5	1	54994
1254	HANDLE	handle	3	5	1	51574
1256	HEAD	head	3	5	3	52367
1257	WING	wing	4	5	3	124515
1258	FINGERNAIL	fingernail	5	5	2	42912
1259	WEDDING	wedding	4	8	7	123203
126	SWEAT (PERSPIRE)	perspire	4	5	5	83320
1261	SING	sing	1	7	5	102441
1262	BROTHER	brother	4	8	5	14163
1263	SISTER	sister	5	7	3	102591
1264	CHANGE	change	2	5	5	18373
1265	HIGH	high	2	5	5	53589
1266	BRIDE	bride	4	8	7	13773
1267	NARROW	narrow	1	5	1	75030
1268	YES	yes	1	7	1	125891
1269	NO	no	1	5	1	76264
127	EXTINGUISH	extinguish	2	5	3	40707
1270	WHY	why	1	5	3	124097
1271	DELIGHT	please	1	8	1	85303
1272	AUNT	aunt	4	7	2	6987
1273	CANDLE	candle	5	6	1	16103
1274	SALT	salt	5	5	1	97513
1275	ANSWER	answer	1	5	1	4251
1276	AUTUMN	autumn	4	7	1	7259
1277	HAND	hand	5	5	1	51507
1278	VOMIT	vomit	5	2	7	122088
1279	FAT (OBESE)	fatness	3	3	3	41765
128	MUMBLE	mumble	2	5	2	74311
1280	FALL	fall	3	5	3	41301
1281	PRISON	prison	5	2	7	88163
1282	FAT (FROM ANIMALS)	lard	5	4	1	64558
1283	TODAY	today	2	5	1	114160
1284	BANK	bank	4	5	1	8350
1285	IMPORTANT	important	1	7	5	57114
1286	HOT	hot	3	6	7	54894
1287	COLD	cold	3	5	3	21727
1288	CAP	cap	4	5	2	16335
1289	BABY	baby	5	8	5	7578
129	CHOKE	choke	3	2	7	19486
1290	ELEPHANT	elephant	5	6	2	36850
1291	BACK	back	3	5	3	7642
1292	BAD	bad	1	1	5	7850
1293	MISTAKE	mistake	2	3	5	72528
1294	ZERO	zero	2	5	1	126197
1295	STICK	stick	4	5	1	107428
1296	WALKING STICK	staff	3	5	1	106572
1297	LEG	leg	5	5	1	65314
1298	NEWSPAPER	newspaper	5	5	2	75883
1299	COFFEE	coffee	5	8	5	21536
13	DECEIT	deceit	1	2	6	28828
1300	COUNTRY	country	3	5	1	25715
1301	FOOT	foot	5	5	1	44546
1302	FORK	fork	5	5	1	45012
1303	FINGER	finger	5	5	2	42898
1304	CHILD (YOUNG HUMAN)	kids	5	7	3	63124
1305	CHIMNEY	chimney	5	5	2	19232
1306	QUEEN	queen	4	7	5	90393
1307	LANGUAGE	language	2	5	1	64445
1308	DOUBT	doubt	1	3	4	34337
1309	ASK (INQUIRE)	ask	1	5	2	6129
131	FESTIVAL	festival	3	8	7	42354
1310	CLEVER	clever	1	8	3	20650
1311	VERY	very	1	5	1	121228
1312	FOX	fox	5	6	3	45348
1313	MOON	moon	5	7	1	73360
1314	QUIET	quiet	1	5	1	90520
1315	RADIO	radio	5	6	3	90836
1316	TENT	tent	5	5	2	112410
1318	CHICKEN	chicken	5	6	1	19069
1319	COWARD	coward	1	2	5	25903
132	SAUCE	sauce	5	5	1	98068
1320	APPLE	apple	5	7	1	5052
1321	BOTTLE	bottle	5	5	1	12917
1322	BREAKFAST	breakfast	5	8	1	13564
1323	CLOCK	clock	5	5	1	20815
1324	SLIP	slip	3	5	3	103313
1325	FRIEND	friend	3	8	3	45871
1326	DOWN	down	2	3	1	34437
1327	UNCLE	uncle	4	6	2	117633
1329	TOMORROW	tomorrow	1	7	3	114352
133	WEAVE	weave	3	5	1	123153
1330	DEFEND	defend	1	6	5	29295
1331	SHEEP	sheep	5	5	1	101069
1332	NEIGHBOUR	neighbor	3	5	2	75471
1333	NECK	neck	5	5	3	75316
1334	GUTS	guts	4	5	6	50909
1335	WHITE	white	1	5	1	123901
1336	EAT	eat	3	6	1	35947
1337	PIG	pig	5	5	3	84325
1338	PEACE	peace	1	9	1	82217
1339	MORNING	morning	3	7	1	73538
134	FAULT	fault	2	3	2	41803
1340	WITH	with	1	5	1	124750
1342	SUMMER	summer	3	8	3	109469
1343	SUN	sun	5	8	1	109518
1344	RAM	ram	3	5	3	91111
1345	EWE	ewe	5	5	1	39738
1346	THROAT	throat	5	5	3	113358
1347	NAPE (OF NECK)	nape	4	5	2	74957
1348	BOAR (MALE PIG)	boar	5	5	3	12040
1349	CHURCH	church	5	6	1	19837
135	BOOMERANG	boomerang	5	5	5	12654
1350	MONKEY	monkey	5	5	5	73109
1352	KNIFE	knife	5	4	7	63533
1353	HOUR	hour	3	5	1	54985
1354	NEXT	next	1	5	3	75924
1355	LAUGH	laugh	4	9	5	64798
1356	NUMBER	number	3	5	1	77310
1357	DAUGHTER	daughter	4	8	3	28399
1358	ENEMY	enemy	2	2	7	37822
1359	SEPARATE	separate	2	5	2	100262
136	HERE	here	3	5	1	53222
1360	DUCK	duck	5	5	1	35248
1361	TOOL	tool	4	5	1	114435
1362	STREET	street	5	5	3	108163
1363	VOICE	voice	3	5	3	121969
1364	HEALTHY	healthy	1	8	2	52516
1365	KITCHEN	kitchen	5	7	1	63366
1366	BOY	boy	5	6	3	13162
1367	CROSS	cross	3	5	3	26778
1368	BREAD	bread	5	7	1	13510
1369	GOLD	gold	5	8	3	48980
137	COCA	coca	3	5	5	21274
1370	MONTH	month	3	5	1	73312
1371	KNEE	knee	5	5	1	63500
1372	MEDICINE	medicine	4	7	3	70342
1373	TEA	tea	5	6	1	111824
1374	RING	ring	4	5	3	95657
1375	WINDOW	window	5	5	1	124425
1376	NOW	now	1	5	5	77201
1377	VISIT	visit	3	7	3	121776
1378	SPOON	spoon	5	5	1	106046
1379	TELEPHONE	telephone	5	5	3	112111
138	BATHE	bathe	3	7	1	8966
1380	TOOTH	tooth	5	5	2	114457
1381	SHOE	shoe	5	5	1	101451
1382	NEEDLE (FOR SEWING)	needle	5	5	5	75377
1383	GRANDFATHER	grandfather	5	8	2	49549
1384	SECOND	second	3	5	1	99478
1385	PEPPER	pepper	5	5	3	82803
1386	LION	lion	5	7	6	66487
1387	ARRIVE	arrive	2	5	3	5833
1388	SHADE	shadow	4	5	3	100761
1389	TOE	toe	5	5	1	114179
139	GUMS	gums	5	5	1	50771
1390	WRONG	wrong	1	2	3	125539
1391	TOWN	town	4	5	1	114877
1392	LOUSE	louse	5	2	3	67529
1393	HORN (ANATOMY)	horn	5	5	5	54694
1394	BONE	bone	5	5	3	12450
1395	ROUND	round	3	5	1	96560
1396	SHARP	sharp	3	5	5	100968
1398	DRY	dry	3	5	1	35166
1399	CLAY	clay	5	5	1	20504
14	YOKE	yoke	3	5	1	125972
140	PADDY FIELD	paddy	4	5	1	80572
1400	THIN (SLIM)	skinny	3	5	5	102850
1401	DRINK	drink	4	5	3	34929
1402	BREAST	breast	5	5	5	13595
1403	BITE	bite	3	5	6	11152
1404	STRAIGHT	straight	3	5	3	107978
1405	NAME	name	1	5	1	74897
1406	FAR	far	1	5	1	41517
1407	BREATHE	breathe	3	7	1	13627
1408	HEAR	hear	1	5	1	52526
1409	SEE	see	1	5	1	99640
1411	LIE (REST)	lie	1	2	3	65982
1412	RUDE	rude	1	2	5	96793
1413	PLAY	play	2	7	5	85199
1414	SQUEEZE	squeeze	3	5	5	106446
1416	SIT	sit	3	5	1	102600
1417	KILL	kill	3	1	9	63145
1418	DIG	dig	3	5	3	31660
1419	FEAR (BE AFRAID)	fear	1	2	8	41903
1420	COUNT	count	3	5	1	25509
1421	SUCK	suck	3	3	5	109180
1422	BE ALIVE	live	2	5	5	66768
1423	FIGHT	fight	3	3	8	42645
1424	YELLOW	yellow	3	5	1	125841
1425	GREEN	green	3	6	1	49927
1426	EXPENSIVE	expensive	2	5	5	40383
1427	BEAUTIFUL	beautiful	1	9	3	9365
1428	BURNING	burning	3	3	7	14948
1429	FULL	full	1	5	1	46313
143	HUMID	humid	4	5	3	55311
1430	STAR	star	4	7	1	106839
1431	FREEZE	freeze	3	5	5	45704
1432	CUT	cut	3	5	5	27667
1433	HIT	hit	3	5	5	53922
1434	STAB	stab	3	1	9	106525
1435	HUNT	hunt	3	5	7	55427
1436	SCRATCH	scratch	3	5	3	98958
1437	SPLIT	split	3	5	5	105931
1438	FOOL	fool	3	3	5	44530
1439	SWIM	swim	3	7	3	110496
144	MACHINE	machine	4	5	1	68182
1440	SPIT	spit	4	3	3	105842
1441	FLY (MOVE THROUGH AIR)	fly	3	6	5	44223
1442	STAND	stand	3	5	2	106752
1443	WALK	walk	3	5	1	122396
1446	COME	come	1	5	5	22157
1447	GIVE	give	1	6	1	48267
1448	HOLD	hold	1	5	3	54121
1449	RUB	rub	3	5	3	96684
145	SORROWFUL	sorrowful	1	2	5	104913
1450	ROOM	room	4	5	1	96288
1451	SMILE	smile	4	8	3	103656
1452	PUSH	push	3	5	5	89946
1453	WASH	wash	3	5	1	122699
1454	WIPE	wipe	3	5	3	124612
1455	PULL	pull	3	5	3	89556
1456	THROW	throw	3	5	5	113409
1457	SEW	sew	3	5	1	100622
1458	SAY	say	1	5	2	98224
1459	IF	if	1	5	1	56342
146	SUGAR CANE	sugarcane	5	6	2	109282
1460	IN	in	1	5	1	57328
1461	AT	at	1	5	1	6545
1462	POT	pot	5	5	3	86762
1463	DRUNK	drunk	3	3	6	35148
1464	LADDER	ladder	5	5	2	64101
1465	BOX	box	5	5	1	13126
1466	EXACT	exact	1	5	2	39750
1467	CIRCLE	circle	3	5	1	20020
1468	LOOK FOR	search	2	5	5	99371
1469	WEEK	week	3	5	1	123250
1470	FOLD	fold	3	5	1	44390
1471	WINTER	winter	4	5	2	124580
1472	KEY	key	3	5	1	62986
1473	FIST	fist	5	5	6	43227
1474	SEA	sea	5	7	1	99270
1475	COMB	comb	4	5	1	22106
1476	CHAIR	chair	5	5	1	18220
1477	KEEP	keep	1	5	1	62815
1478	WITHOUT	without	1	5	1	124783
1479	DOLPHIN	dolphin	5	8	2	33970
1480	BODY	body	4	5	3	12182
1481	HAMMER	hammer	5	5	5	51456
1482	SHOULDER	shoulder	5	5	1	101641
1483	NINE	nine	3	5	1	76147
1484	OIL (ORGANIC SUBSTANCE)	oil	5	5	1	78126
1485	BELOW OR UNDER	below	1	5	1	9927
1487	POUR	pour	3	5	1	86925
1488	FAUCET	tap	4	5	2	111467
1489	CLOUD	cloud	5	5	1	20946
149	ITCHY	itchy	4	3	5	61225
1490	RAT	rat	5	3	3	91384
1491	MOUSE	mouse	5	5	1	73880
1492	DUMB	dumb	3	2	3	35374
1493	ONE	one	1	5	1	78387
1494	DIE	die	2	1	9	31552
1495	HAPPY	happy	1	9	5	51755
1496	GRANDMOTHER	grandmother	5	8	3	49570
1497	POSTCARD	postcard	5	7	2	86621
1498	TWO	two	1	5	1	116985
1499	JUICE	juice	5	7	2	62337
15	OTTER	otter	5	7	2	79257
150	WORRY	worry	1	3	6	125313
1500	FOUR	four	3	5	1	45310
1501	BORE	bore	2	3	1	12789
1502	GOAT	goat	5	5	1	48836
1503	SALIVA	saliva	5	5	2	97468
1504	FLY (INSECT)	fly (insect)	5	3	3	44224
1505	SPERM	sperm	5	5	5	105599
1506	MEASURE	measure	2	5	1	70207
1507	FRUIT	fruit	5	7	1	46150
1508	KING	king	3	7	5	63264
1509	MOSQUITO	mosquito	5	3	5	73656
151	RAZOR	razor	5	5	5	91581
1510	CHIN	chin	5	5	1	19254
1511	ROOSTER	rooster	5	5	3	96316
1512	RISE (ONESELF)	arise	1	6	5	5628
1514	HEN	hen	5	5	1	53095
1515	TEN	ten	3	5	1	112286
1517	WASP	wasp	5	5	6	122753
1518	STUPID	stupid	1	2	5	108580
1519	RUN	run	3	5	5	96935
152	HOOF	hoof	5	5	2	54567
1520	CRUSH	crush	3	6	7	27048
1521	SEEM	seem	1	5	1	99695
1522	SOCK	sock	5	5	1	104348
1523	FORGET	forget	1	5	2	44979
1524	WINE	wine	5	7	3	124480
1525	COAST	coast	4	6	1	21185
1526	MEAL	meal	4	7	1	70141
1527	TICK	tick	3	5	3	113565
1528	FORGIVE	forgive	1	8	2	44994
1529	LAST (FINAL)	last	1	5	2	64667
153	GREY	grey	3	5	1	50053
1530	BOWL	bowl	5	5	1	13088
1531	BRANCH	branch	4	5	1	13355
1532	SHEAR	shear	3	5	2	101035
1533	BE HUNGRY	hungry	4	5	5	55414
1534	FEVER	fever	4	3	6	42429
1535	SWORD	sword	5	5	7	110623
1536	UNDERSTAND	understand	1	7	1	118103
1537	SPRINGTIME	spring	3	7	3	106199
1538	SCORPION	scorpion	5	5	6	98835
1539	BASKET	basket	5	5	1	8860
154	UDDER	udder	5	5	1	117111
1540	EYELASH	eyelash	5	5	1	40931
1541	CULTIVATE	cultivate	2	7	2	27304
1542	ACCOMPANY	accompany	1	6	2	637
1543	SNAIL	snail	5	5	1	103821
1544	SOMETIMES	sometimes	1	5	3	104703
1545	HOST	host	3	5	3	54870
1546	TWICE	twice	1	5	2	116902
1547	SOUP	soup	5	6	1	105028
1548	UGLY	ugly	1	2	5	117129
1549	TRIBE	tribe	3	5	3	115849
155	CHOP	chop	3	5	5	19536
1550	PREVENT	prevent	1	6	3	87923
1551	FEMALE	female	3	5	3	42156
1552	GLOOMY	gloomy	2	3	3	48616
1553	MALE	male	3	5	3	68725
1554	MAN	man	5	5	3	68884
1555	CHAMELEON	chameleon	5	5	3	18303
1556	YOLK	yolk	5	5	1	125985
1557	BEGINNING	beginning	2	7	2	9678
1558	SIMILAR	similar	1	5	1	102330
1559	MONEY	money	4	6	5	73044
156	RED	red	3	5	5	92448
1560	FACE	face	3	5	3	41021
1561	ARMY	army	3	5	7	5747
1562	MIND	mind	1	5	1	71849
1563	PYTHON	python	3	5	5	90130
1564	LAZY	lazy	1	3	1	65018
1565	HEAVEN	heaven	1	9	3	52660
1566	GUN	gun	5	3	9	50775
1567	DOOR	door	5	5	1	34141
1568	ARRANGE	arrange	1	5	1	5792
1569	CHEESE	cheese	5	7	1	18836
157	DYE	dye	4	5	1	35665
1570	EQUAL	equal	1	5	1	38702
1571	SELL	sell	3	5	3	99961
1572	SURPRISED	surprised	1	6	6	110082
1573	SWELL	swell	3	7	3	110459
1574	FLOAT	float	3	6	1	43848
1575	COCKROACH	cockroach	5	2	6	21367
1577	AND	and	1	5	1	3784
1578	IGUANA	iguana	5	5	2	56389
1579	BE	be	1	5	1	9167
158	PUT ON	clothe	3	5	1	20913
1580	ONLY	only	1	5	1	78448
1581	ALLIGATOR	alligator	5	5	5	2817
1583	BRAIN	brain	5	6	3	13276
1584	BLISTER	blister	4	3	5	11624
1585	SLEEP	sleep	3	7	1	103160
1587	SMELL (STINK)	stink	3	2	3	107569
1588	TURN	turn	1	5	3	116706
1589	HUMMINGBIRD	hummingbird	5	7	3	55341
159	SWEET POTATO	sweet-potato	5	7	2	110452
1590	WAIT (FOR)	wait	1	5	5	122346
1591	UP	up	2	5	3	119983
1592	CHEST	chest	5	5	3	18985
1593	DEEP	deep	1	5	1	29186
1594	FLOUR	flour	5	5	1	44002
1595	SOUTH	south	3	5	1	105079
1596	LOCK	lock	5	5	3	66978
1597	AIRPLANE	airplane	5	7	5	2374
1598	NORTH	north	3	5	1	76940
1599	WORD	word	3	5	1	125136
16	SLED	sleigh	5	7	3	103209
160	SET (HEAVENLY BODIES)	set	1	5	1	100530
1600	SKIRT	skirt	5	5	3	102879
1601	WEAK	weak	1	3	2	123051
1602	WAKE UP	waken	3	5	5	122376
1603	MOSQUE	mosque	5	5	3	73653
1604	TEMPLES	temples	4	7	1	112250
1605	SKULL	skull	5	5	6	102928
1606	INSIDE	inside	3	5	1	59285
1607	HATE	hate	1	1	8	52158
1608	LISTEN	listen	1	6	2	66620
1609	IDEA	idea	1	7	3	56197
161	MISS (A TARGET)	miss	2	5	5	72465
1610	PROSTITUTE	prostitute	4	3	7	88962
1611	INVITE	invite	2	7	3	60665
1612	LETTER	letter	4	5	1	65650
1613	COLOR	color	3	5	1	21997
1614	SUMMIT	summit	3	7	5	109488
1615	ESCAPE	escape	2	7	7	39008
1616	CLOTH	cloth	5	5	1	20910
1617	GRANDCHILD	grandchild	5	8	3	49536
1618	GRANDSON	grandson	5	8	3	49591
1619	GRANDDAUGHTER	granddaughter	5	8	3	49540
162	HICCOUGH	hiccough	5	5	3	53518
1620	SON	son	4	8	3	104732
1621	SNEEZE	sneeze	4	5	3	103924
1622	SHIRT	shirt	5	5	1	101376
1623	SPEAK	speak	2	5	3	105367
1624	EMPTY	empty	2	3	2	37451
1625	DEAD	dead	1	1	7	28518
1626	EXPLAIN	explain	1	5	1	40429
1627	CHAIN	chain	4	5	3	18202
1628	SQUIRREL	squirrel	5	6	3	106501
1629	EVENING	evening	3	6	1	39595
163	BLACK	black	2	5	1	11225
1630	MACAW	macaw	5	7	3	68147
1631	FAST	fast	1	5	6	41669
1632	FLOOR	floor	5	5	1	43906
1633	FLAT	flat	3	5	1	43517
1634	HUNDRED	hundred	3	5	1	55391
1635	OBEY	obey	2	5	5	77563
1636	MOTIONLESS	motionless	3	5	1	73732
1637	AUTHORITY	authority	1	5	5	7097
1638	TRUTH	truth	1	7	3	116400
1639	BEER	beer	5	6	3	9575
164	KANGAROO	kangaroo	5	7	3	62655
1640	SIBLING	sibling	4	7	3	101929
1641	SILK	silk	5	7	1	102248
1642	NIECE	niece	5	8	2	76000
1643	COUSIN	cousin	4	5	2	25827
1644	RELATIVES	relatives	3	5	3	93430
1645	SHORT	short	1	5	1	101563
1646	GIRL	girl	5	5	3	48238
1647	FOAL	pony	5	7	3	86246
1648	ANVIL	anvil	5	5	2	4712
165	WALLABY	wallaby	5	6	2	122429
1650	WATCH	watch	3	5	3	122787
1651	TEAR (OF EYE)	tear	3	5	5	111877
1652	INSTEAD	instead	1	5	1	59445
1653	BLIND	blind	3	5	3	11583
1654	LIGHTNING	lightning	5	5	7	66159
1655	BLINK	blink	3	5	1	11607
1656	NEVER	never	1	3	3	75795
1657	TRUE	true	1	5	1	116309
1659	DOLL	doll	5	6	1	33939
166	MAINLAND	mainland	4	5	2	68554
1661	STRAIT	strait	3	5	1	108013
1662	CAPE	cape	4	5	1	16359
1663	BED	bed	5	6	1	9424
1664	RAFT	raft	5	5	2	90928
1665	BEAT	beat	1	5	5	9316
1666	MUTE	mute	3	5	1	74615
1667	HOLE	hole	4	5	1	54148
1668	GRIEF	grief	1	2	7	50082
1669	ANCESTORS	ancestor	3	6	2	3742
167	MAIL	mail	4	5	2	68518
1670	RAPIDS	rapids	4	6	6	91299
1671	TOWER	tower	5	5	3	114864
1672	WRITE	write	1	5	1	125513
1673	ARM	arm	5	5	1	5663
1674	POOR	poor	1	3	3	86294
1675	PROMISE	promise	1	7	3	88636
1676	ALWAYS	always	1	6	2	3142
1678	HUT	hut	5	5	1	55537
1679	LOAD	load	3	5	3	66844
168	REST	rest	3	7	1	94601
1680	HELMET	helmet	5	7	3	52953
1681	WAIST	waist	5	5	1	122335
1682	GUILTY	guilty	1	2	6	50683
1683	BUSH	bush	4	5	1	15039
1684	BUD	bud	5	6	1	14413
1685	AFTER	after	1	5	1	1899
1686	BEHIND	behind	1	5	1	9741
1687	PRAISE	praise	1	8	3	87053
1688	FATE	fate	1	5	5	41717
1689	SMOKE (INHALE)	smoking	3	3	6	103724
169	IT	it	1	5	1	61201
1690	FENCE	fence	5	5	1	42184
1691	FLEXIBLE	flexible	1	7	3	43723
1692	FRIDAY	friday	3	8	3	45851
1693	THURSDAY	thursday	3	5	1	113499
1694	WEDNESDAY	wednesday	3	5	1	123226
1696	SURRENDER	surrender	2	3	5	110096
1697	MONDAY	monday	1	5	3	73022
1698	CURVED	curved	3	5	1	27596
1699	SUNDAY	sunday	2	7	1	109550
17	EYELID	eyelid	5	5	1	40937
1700	SATURDAY	saturday	3	8	2	98057
1702	HOLY	holy	1	7	3	54232
1703	SIX	six	3	5	1	102640
1704	SEVEN	seven	1	5	1	100588
1705	EIGHT	eight	3	5	1	36508
1706	ELEVEN	eleven	3	5	1	36866
1707	TWELVE	twelve	3	5	1	116885
1708	THIRTEEN	thirteen	3	5	2	113182
1709	FIFTEEN	fifteen	3	5	1	42626
1710	TWENTY	twenty	3	5	1	116894
1711	TELL	tell	1	5	2	112183
1712	OATH	oath	2	5	3	77533
1713	EIGHTEEN	eighteen	3	5	3	36511
1714	NINETEEN	nineteen	2	5	2	76156
1715	THIRTY	thirty	2	5	1	113189
1716	FORTY	forty	2	5	1	45211
1717	FIFTY	fifty	3	5	1	42637
1718	SIXTY	sixty	3	5	1	102659
1719	BURY	bury	3	3	5	15025
1720	SIGN	sign	3	5	1	102143
1721	SEVENTY	seventy	2	5	1	100601
1722	EIGHTY	eighty	3	5	1	36529
1724	NINETY	ninety	3	5	1	76163
1725	CORRECT (RIGHT)	correct	1	7	2	25110
1726	WET	wet	3	5	3	123542
1727	THRESHOLD	threshold	3	5	3	113330
1728	ROTTEN	rotten	4	2	5	96491
1730	CHEEK	cheek	5	5	2	18794
1732	SKY	sky	5	7	1	102940
1733	RAINBOW	rainbow	5	8	3	91021
1734	TWENTY ONE	twentyone	3	5	3	116897
1737	OKRA	okra	5	5	1	78188
1739	DECORATE	decorate	2	7	3	29062
174	PROUD	proud	1	8	5	89093
1740	PINE	pine	4	5	1	84531
1741	ABOVE	above	1	5	1	275
1743	JOIN	join	1	6	3	62057
1744	SPLEEN	spleen	5	5	3	105893
1745	HIP	hip	3	7	3	53815
1746	BLADDER	bladder	5	5	2	11338
1747	CUSTOM	custom	2	5	1	27648
1748	RIDGE	ridge	4	5	2	95506
1749	TAKE	take	1	5	3	111172
175	BLOW (OF WIND)	blow	3	5	6	11819
1750	CHOOSE	choose	1	7	3	19525
1751	BIRTHMARK	birthmark	5	5	3	11071
1752	LEAVE	leave	2	5	3	65198
1753	TOP	top	3	5	3	114492
1754	BRACELET	bracelet	5	7	2	13193
1755	UNDRESS	undress	3	5	7	118267
1756	WIDOW	widow	3	3	5	124155
1757	TIRED	tired	3	3	2	114002
1763	CLUB	club	3	6	3	21004
1764	OBSCURE	obscure	1	5	2	77677
1766	FINISH	finish	1	5	3	42944
1767	SCRAPE	scrape	3	5	5	98929
1768	FOAM	foam	4	5	2	44282
1769	AXLE	axle	5	5	1	7496
177	BETEL PEPPER VINE	betel	5	5	2	10325
1770	CARCASS	carcass	5	2	6	16624
1771	TASTELESS	tasteless	2	3	2	111661
1772	ELK	elk	5	5	2	36928
1773	GRAVE	grave	4	3	5	49776
1774	STINGY	stingy	2	3	3	107568
1775	TABLE	table	5	5	1	110961
1776	SHAME	shame	1	2	5	100865
1777	RESEMBLE	resemble	1	5	1	94369
1778	APPROACH	approach	1	5	3	5179
1779	DARE	dare	2	5	6	28249
178	RIPE	ripe	3	6	2	95718
1780	BILE	bile	4	3	5	10677
1781	THUMB	thumb	5	5	1	113451
1782	GUEST	guest	3	6	2	50606
1783	PAIN	pain	3	1	7	80634
1784	WANT	want	1	5	5	122527
1787	LOOM	loom	3	5	3	67328
1788	TELEVISION	television	4	6	3	112167
1789	AGE	age	2	5	1	1971
179	RIPEN	ripen	3	6	2	95720
1791	BUTTERFLY	butterfly	5	8	3	15187
1792	PERJURY	perjury	1	2	5	83102
1793	BAT	bat	5	5	3	8941
1794	FURROW	furrow	4	5	1	46536
1796	SLAUGHTER	slaughter	4	1	9	103093
1797	HEDGEHOG	hedgehog	5	7	2	52737
1798	GUNPOWDER	gunpowder	5	5	7	50819
1799	HYENA	hyena	5	5	5	55719
18	EARLOBE	earlobe	5	5	1	35819
1800	DANDELION	dandelion	5	6	1	28165
1801	CHILD (DESCENDANT)	offspring	4	7	5	78083
1802	SCREW	screw	4	5	5	99017
1803	WOOD	wood	5	5	1	124962
1804	BOMB	bomb	5	2	9	12376
1806	BEGIN	begin	1	5	3	9674
1807	AFTERNOON	afternoon	3	7	1	1923
1808	PUS	pus	5	2	6	89945
1809	PIMPLE	pimple	5	3	3	84492
181	ANTEATER	anteater	5	5	2	4286
1810	DANGER	danger	2	2	8	28192
1812	TRY	try	1	5	3	116406
1813	TASTY	tasty	3	8	5	111675
1814	ACCUSE	accuse	1	3	6	747
1815	ACHE	ache	3	3	5	802
1816	BESIDE	beside	1	5	1	10220
1817	WEST	west	3	5	1	123509
1819	LOOK	look	3	5	3	67294
182	SPOKE	spoke	3	5	2	105983
1820	BEAR	bear	5	5	5	9264
1821	BRUSH	brush	5	5	1	14260
1823	BORROW	borrow	2	5	3	12822
1824	DEXTEROUS	skilful	1	8	3	102792
1825	COPPER	copper	5	5	1	24767
1826	ANGRY	angry	1	2	7	3966
1828	ASK (REQUEST)	request	2	5	2	94255
1829	JUMP	jump	4	5	6	62385
183	BAKE	bake	4	7	2	7991
1830	CRANE	crane	5	5	1	26147
1831	MEET	meet	2	5	3	70400
1833	DINNER (SUPPER)	dinner	4	7	2	31934
1834	SHE	she	1	5	1	101032
1835	MARROW	marrow	4	5	3	69516
1836	VAGINA	vagina	5	5	5	120473
1837	VULVA	vulva	5	5	5	122214
1838	NAVEL	navel	5	5	1	75214
1839	CRY	cry	3	3	6	27079
184	MAST	mast	5	5	3	69730
1840	BUILD	build	3	5	2	14527
1841	SUSPECT	suspect	2	4	6	110161
1842	OBSTINATE	obstinate	1	3	5	77747
1843	THOUSAND	thousand	2	5	1	113270
1844	BOAT	boat	5	6	1	12079
1845	BALL	ball	5	5	1	8095
1846	RULE	rule	1	5	2	96855
1847	SICK	sick	3	3	5	101946
1848	QUARREL	quarrel	2	3	6	90303
1849	ROW	row	3	5	5	96637
185	FIREPLACE	fireplace	5	7	2	43054
1850	COTTON	cotton	5	5	1	25413
1851	POCKET	pocket	4	5	1	85634
1852	OFTEN	often	1	5	1	78091
1853	DOVE	dove	5	7	1	34399
1854	SPARROW	sparrow	5	6	1	105307
1855	BIRCH	birch	5	5	1	10994
1856	SOFT	soft	3	7	1	104411
1857	CROCODILE	crocodile	5	5	6	26711
1858	FISHERMAN	fisherman	5	6	2	43160
1859	THIRD	third	1	5	1	113167
186	SHIN	shin	5	5	2	101278
1860	BEAD	bead	5	5	1	9193
1861	ACTIVE	active	1	7	6	1013
1862	DONKEY	donkey	5	5	2	34076
1863	AMAZING	amazing	1	9	6	3209
1864	HUNGER	hunger	3	2	5	55403
1865	BUZZARD	buzzard	5	5	3	15261
1866	STUTTER	stutter	3	3	3	108603
1867	COIN	coin	5	5	1	21676
1868	VISIBLE	visible	1	5	2	121762
1869	BUY	buy	1	5	3	15249
187	LOIN	loins	4	5	6	67151
1870	ANCHOR	anchor	4	5	1	3751
1871	CAMEL	camel	5	5	1	15912
1872	DUIKER	duiker	5	5	3	35339
1873	ANTHILL	anthill	5	5	2	4350
1874	SAUSAGE	sausage	5	5	2	98106
1875	REGRET	sorry	1	5	3	104918
1876	REINDEER	caribou	5	5	1	16764
1877	EAST	east	3	5	1	35918
1879	DANCE	dance	3	8	5	28147
188	COMB OF BIRD	cockscomb	5	5	3	21370
1880	PASSIONATE	passionate	1	8	7	81749
1881	ENOUGH	enough	1	5	3	38080
1882	BEFORE	before	1	5	1	9632
1884	HARD	hard	3	5	5	51807
1885	ARMADILLO	armadillo	5	5	2	5671
1886	ARMPIT	armpit	5	5	3	5736
1887	CHEAP	cheap	2	5	2	18715
1888	PAIR	pair	3	5	2	80676
1889	ARSON	arson	3	1	8	5877
1890	BELIEVE	believe	1	7	3	9827
1891	PUMA	puma	5	5	5	89640
1892	TOUCH	touch	3	5	5	114754
1893	QUAIL	quail	5	5	1	90222
1894	ASHAMED	ashamed	1	2	5	6082
1895	CLOTHES	clothes	5	5	1	20915
1896	FINGERNAIL OR TOENAIL	nails	5	5	3	74869
1897	HELP	help	2	7	5	52970
1898	SPECTACLES	glasses	5	5	1	48400
1899	MAD	mad	1	3	7	68262
190	MOW	reap	3	5	3	91765
1901	SHOVEL	shovel	5	5	2	101662
1902	BETRAY	betray	1	2	7	10348
1903	SWELLING	swelling	3	3	5	110463
1904	DROWN	drown	3	1	9	35068
1905	EAGLE	eagle	5	7	5	35780
1906	SOUR	sour	3	5	3	105043
1907	MOLE	mole	5	5	1	72905
1908	ATTENTIVE	attentive	1	7	3	6772
1909	SHAKE	shake	3	5	5	100805
191	NUT	nut	5	5	3	77409
1910	STINGRAY	stingray	5	5	5	107564
1913	PRESS	press	3	5	3	87779
1914	DEBT	debt	2	2	6	28727
1915	FIR	fir	5	5	1	42983
1916	GILL	gill	3	5	1	48141
1917	TIE	tie	3	5	2	113644
1918	MANE	mane	3	5	2	68956
1919	TORCH	torch	4	5	5	114586
192	CORNER	corner	3	5	2	24985
1921	PLOUGH	ploughing	4	5	2	85441
1923	ROUGH	rough	3	4	5	96517
1924	VEIN	vein	4	5	3	120876
1925	ARTERY	artery	4	5	3	5906
1926	OINTMENT	ointment	5	5	1	78167
1927	BAMBOO	bamboo	5	6	1	8216
1928	CEASE	cease	1	5	2	17705
1929	STUDY	study	2	5	3	108500
193	SHALLOW	shallow	2	5	2	100842
1930	RAVINE	ravine	5	5	3	91535
1931	BEESWAX	beeswax	5	5	2	9597
1932	GUESS	guess	2	5	3	50595
1933	LOOSEN	loosen	2	5	1	67366
1934	BEGGAR	beggar	4	3	3	9657
1935	ANUS	anus	5	3	3	4710
1936	DEER	deer	5	6	1	29214
1937	THERE	there	2	5	1	112958
1938	FORTRESS	castle	5	7	3	17232
1939	SWEAR	swear	2	5	6	110358
194	FAMILY	family	3	8	3	41405
1940	GUARD	guard	3	5	5	50543
1941	SOLDIER	soldier	4	6	7	104519
1942	NEAR	near	1	5	2	75265
1943	CROWN (OF HEAD)	crown	4	7	5	26926
1944	GOD	god	1	7	5	48886
1945	IDOL	idol	3	7	5	56311
1947	BASTARD	bastard	3	2	7	8910
1948	SAW	saw	3	5	3	98182
1949	BEDBUG	bedbug	5	2	5	9435
195	MAT	mat	5	5	1	69797
1950	BEECH	beech	5	5	1	9527
1951	PASS	pass	2	5	3	81707
1952	TORTURE	torture	2	1	9	114679
1953	ABUSE	abuse	2	1	9	449
1954	GENTLE	gentle	1	8	1	47693
1955	GRIEVE	mourn	1	2	5	73870
1956	SUNFLOWER	sunflower	5	8	2	109577
1957	GOITER	goiter	5	2	3	48974
1958	UNRIPE	unripe	3	5	2	119422
1959	RAW	raw	3	5	5	91549
196	DONATE	donate	1	8	3	34054
1961	NECKLACE	necklace	5	7	3	75326
1962	ROAST (SOMETHING)	roast	3	6	3	95946
1963	IMMEDIATELY	immediately	1	5	6	56666
1964	ALONE	alone	1	3	5	2974
1965	LOINCLOTH	loincloth	5	5	3	67148
1966	BUNCH	bunch	3	5	2	14722
1967	CALENDAR	calendar	4	5	1	15706
197	OTHER	other	1	5	1	79230
1970	CANOE	canoe	5	7	1	16218
1971	FAN (OBJECT)	fan	5	6	3	41427
1972	YOUNG GOAT (KID)	kid	5	6	3	63096
1973	DEMON	demon	3	2	7	29954
1974	CENTIPEDE	centipede	5	4	5	17939
1975	CHECK	check	3	5	3	18741
1976	MERRY	funny	2	8	5	46477
1977	DEW	dew	5	6	1	31189
1978	RECOVER	recover	1	7	3	92335
1979	CHISEL	chisel	5	5	2	19355
198	GENITALIA	genitalia	5	5	6	47651
1981	WIDOWER	widower	4	3	5	124157
1982	WHIRLPOOL	whirlpool	4	5	5	123848
1983	SNORE	snore	3	4	1	104055
1986	DISEASE	disease	3	1	7	32559
1987	CHOPSTICKS	chopsticks	5	5	2	19561
1989	CALF	calf	5	5	1	15720
199	FAMINE	famine	3	1	8	41416
1990	BECOME	become	1	5	1	9417
1991	INTESTINES	intestines	5	5	3	60269
1992	MORE	more	1	5	3	73501
1993	SELF	self	1	5	3	99826
1994	COLLARBONE	collarbone	5	5	3	21814
1995	DEFECT	defect	2	3	3	29278
1996	GET TIRED	tire	5	5	2	114001
1997	PRESERVE	preserve	2	7	1	87749
1998	COMMAND	command	2	5	5	22255
1999	OVERCOME	overcome	2	7	5	79822
2	DUST	dust	5	5	1	35571
20	SCYTHE	scythe	5	4	5	99263
200	SAME	same	1	5	1	97619
2000	CLOVE	cloves	5	6	1	20985
2001	PAINTING	draw	3	5	3	34728
2002	DITCH	ditch	4	5	2	33477
2003	FLOW	flow	2	7	1	44028
2005	MASK	mask	5	5	3	69653
2006	FILL	fill	3	5	1	42755
2007	BOLT (OF LIGHTNING)	bolt	5	5	5	12362
2008	RESCUE	rescue	3	8	7	94333
2009	DOG	dog	5	8	3	33826
201	FARM	farm	5	6	1	41560
2010	INVESTIGATE	investigate	1	5	5	60594
2011	COFFIN	coffin	5	2	7	21570
2012	COLLAR	collar	4	5	2	21813
2013	BAIT	bait	4	5	3	7983
2014	GO DOWN (DESCEND)	descend	1	5	3	30590
2016	JEALOUSY	jealousy	1	3	7	61635
2017	MIX	mix	3	5	3	72632
2018	GREEDY	greedy	1	2	5	49924
2019	HAMMOCK	hammock	5	7	1	51477
202	STRENGTH	strength	2	8	5	108184
2020	PLAINTIFF	plaintiff	2	5	3	85011
2021	GRASP	grasp	3	5	3	49707
2022	ADMIT	admit	1	5	3	1371
2023	CROWD	crowd	4	5	6	26908
2024	PLOT	plot	2	5	3	85424
2025	PEA	pea	5	5	1	82213
2027	SOYA	soybean	5	5	1	105162
203	MARRY	marry	3	7	6	69524
2030	DRAG	drag	3	5	3	34617
2033	DELIVER	deliver	2	5	3	29739
2034	FROST	frost	4	5	2	46075
2035	POND	pond	5	6	1	86189
2038	DRAGON	dragon	3	5	7	34638
2039	MAGPIE	magpie	5	5	3	68458
204	AGAIN	again	1	5	1	1948
2040	BUCKWHEAT	buckwheat	5	5	1	14405
2041	HEMP	hemp	5	5	2	53081
2042	WALNUT	walnut	5	6	1	122467
2043	PEACH	peach	5	7	1	82234
2044	PERSIMMON	persimmon	5	6	1	83250
2045	COLUMN	pillar	4	5	1	84435
2046	APRON	apron	5	5	1	5240
2048	QUILT	quilt	5	7	1	90547
2049	CONGEE	congee	5	5	1	23473
205	TROUGH	trough	4	5	1	116246
2051	DUSTPAN	dustpan	5	5	1	35596
2052	BUCKET	bucket	5	5	1	14360
2056	WOK	wok	5	5	3	124863
2057	DUNG (ANIMAL FAECES)	dung	5	2	2	35449
2058	STOOL	stool	5	5	1	107827
2059	FOLK SONG	folksong	3	6	2	44441
206	FIREFLY	firefly	5	7	3	43037
2060	STORY	story	2	6	3	107910
2062	INTEREST	interest	1	6	3	59835
2064	SCATTER (SEEDS)	scatter	2	5	3	98435
2067	STEAM (VERB)	braise	4	6	1	13326
2069	SOAK (VERB)	soak	3	5	2	104199
207	SPARSE	sparse	1	5	1	105313
2071	LAY (VERB)	lay	3	5	1	64959
2072	USE (VERB)	use	1	5	1	120284
2073	ROB (VERB)	rob	3	2	7	95958
2075	BROOD (VERB)	brood	3	4	5	14118
2076	SPROUT (VERB)	sprout	4	6	2	106263
2077	DILIGENT	diligent	1	7	3	31786
208	NASAL MUCUS (SNOT)	snot	5	2	3	104077
209	RARE	rare	1	5	3	91336
2090	MY	my	1	5	1	74675
2093	AFTERWARDS	afterwards	1	5	2	1943
2099	CHILD	child	5	7	3	19148
21	TASTE (SOMETHING)	taste	3	5	3	111652
210	LIFE	life	2	7	5	66019
2101	BE DEAD OR DIE	died	3	1	7	31555
2102	BURN	burn	3	3	7	14936
2112	OLD (AGED)	elder	3	5	1	36636
2113	OLD (USED)	used	2	5	2	120287
2119	BOW STRING	bowstring	5	5	5	13117
212	FIELD	field	4	5	1	42578
2124	SMELL	smell	4	5	2	103635
213	FIN	fin	2	5	1	42828
2130	HEADGEAR	headgear	5	5	2	52392
2134	RAISE (BRING UP)	raise	1	5	5	91062
2137	MAGICIAN	magician	4	7	6	68365
214	STRETCH	stretch	2	5	2	108215
2148	PICK	pick	3	5	1	84153
215	LIE DOWN	lies	2	2	6	66009
2150	MATTER	matter	1	5	1	69942
2151	COARSE	coarse	1	4	2	21176
2154	PLOUGH (INSTRUMENT)	plow	5	5	2	85451
2155	CUT (WITH SCISSORS)	scissor	5	5	3	98742
2159	GROUND	ground	3	5	1	50341
216	MOVIE	movie	4	7	5	73944
2162	STIR FRY	stir-fry	5	7	3	107616
2165	SLOWLY	slowly	1	5	1	103466
217	BETELNUT	areca	4	5	1	5536
218	FINE (PENALTY)	fine	1	5	2	42875
2181	LIGHT (IN TASTE)	bland	2	5	1	11390
2189	DUGOUT	pirogue	5	5	3	84753
219	TOILET	toilet	5	5	1	114222
2190	TASTE	flavour	3	7	1	43603
2192	REJOICE	rejoice	1	8	6	93382
2194	FRONT (PART)	front	3	5	2	46037
2196	HORSETAIL	horsetail	5	5	2	54808
220	INTACT	intact	2	6	2	59602
2200	SNOUT	muzzle	4	5	5	74669
2203	RABID	rabid	1	2	7	90708
2204	LEDGE	ledge	4	5	3	65258
2205	PEAK	peak	3	7	5	82250
2206	RABIES	rabies	4	1	8	90711
221	FIRE	fire	5	5	7	42984
2214	AFFAIR	affair	2	3	7	1737
2216	BECOME NUMB	numb	2	4	2	77308
2218	EXPERIENCED	experienced	1	7	3	40387
2219	LEAN (MEAT)	lean	2	5	1	65109
222	LAVISH	lavish	1	7	5	64886
2222	CONJURE	conjure	1	5	5	23612
2223	BE ANGRY	annoyed	1	3	5	4138
2224	BEND (SOMETHING)	bend	3	5	1	9977
2227	SPAWN (VERB)	spawn	3	5	5	105357
2230	UNTAMED OR WILD	wild	1	7	7	124230
2232	KEEN OR SUBTLE	subtle	1	5	1	109071
2233	LOVELY	lovely	1	8	3	67578
2239	DENSE	dense	2	5	2	30140
224	MORTAR	mortar	4	5	3	73597
2242	BEETLE	beetle	5	5	2	9606
2243	REPAIR	repair	3	7	2	93918
2244	METAL	metal	4	5	3	70998
2245	BELCH	belch	4	3	3	9796
2246	BELL	bell	5	5	2	9844
2247	CATERPILLAR	caterpillar	5	5	2	17455
225	PESTLE	pestle	5	5	1	83428
2252	PATH	path	4	5	1	81923
2253	DRIP (EMIT LIQUID)	leak	3	3	5	65090
2259	FLESH	flesh	4	5	5	43694
227	FISH	fish	5	5	1	43148
2270	SAGO	sago	5	5	1	97332
2271	THINK	think	1	5	1	113140
2273	LEECH	leech	5	3	5	65268
2276	IDENTICAL	identical	1	5	1	56232
2277	WHOLE	whole	1	5	1	124012
2278	PERHAPS	perhaps	1	5	1	83008
228	CARVE	carve	3	5	3	17057
2283	SEMEN	semen	5	5	5	99998
2284	CLEARING	clearing	3	5	1	20563
2285	ECLIPSE	eclipse	4	7	5	36070
2286	ESTUARY	estuary	4	5	1	39211
2287	HORIZON	horizon	4	7	2	54683
2288	METEOROID (SHOOTING OR SHINING STAR)	meteor	5	5	6	71077
229	MOVE AWAY	migrate	2	5	3	71575
2290	PUDDLE	puddle	5	5	1	89474
2291	VOLCANO	volcano	5	5	7	122011
2293	UVULA	uvula	5	5	1	120384
2294	WRINKLE	wrinkle	3	5	1	125488
2295	SUNSET	sunset	5	8	1	109623
2296	SUNRISE	sunrise	5	8	2	109612
2297	DUSK	dusk	4	5	1	35562
2298	VIRGIN	virgin	3	5	5	121680
2299	STRAW	straw	5	5	1	108107
23	RYE	rye	5	5	1	97114
230	SWEEP	sweep	3	5	3	110402
2301	ME	me	1	5	1	70123
2302	CIRCULAR (ROUND IN TWO DIMENSIONS)	circular	1	5	1	20039
2303	SPHERICAL (ROUND IN THREE DIMENSIONS)	spherical	3	5	1	105629
2308	THIN	thin	3	5	2	113123
231	SHAVE	shave	4	5	2	101004
2310	US (OBLIQUE CASE OF WE)	us	1	5	1	120275
2313	BRONZE	bronze	4	5	1	14107
2314	BROTHER-IN-LAW	brother-in-law	5	5	3	14166
2316	FREE	free	1	8	3	45605
2317	SISTER-IN-LAW	sister-in-law	5	5	3	102594
2318	CHESTNUT	chestnut	5	5	1	18997
2319	LID (COVER, CAP)	lid	5	5	1	65973
232	FLEA	flea	5	3	3	43627
2321	MAD PERSON	lunatic	2	2	7	67886
2329	LACK (NOT HAVE)	lack	1	3	2	64043
2334	MELT	melt	3	5	2	70545
2335	CUNNING	cunning	1	5	5	27376
2336	OF THIS KIND (SUCH)	so	1	5	1	104198
2339	NEED (SOMETHING)	need	1	5	5	75364
234	PADDLE	paddle	4	5	2	80558
2340	SUNNY	sunny	4	8	3	109604
2341	CLOUDY	cloudy	4	5	2	20972
2342	LANDSCAPE	landscape	4	7	1	64410
2343	STEEL	steel	5	5	3	107125
2344	PETROL	petrol	5	5	5	83509
2348	CRAB	crab	5	5	3	26027
2349	SHRIMP	shrimp	5	5	1	101777
2350	EARTHWORM	earthworm	5	5	2	35893
2351	SILKWORM	silkworm	5	5	2	102268
2352	DRAGONFLY	dragonfly	5	7	3	34643
2353	CICADA	cicada	5	5	3	19893
2354	CRICKET	cricket	3	5	1	26535
2355	GECKO	gecko	5	5	2	47477
2359	LOTUS	lotus	5	7	1	67481
236	STEPMOTHER	stepmother	5	5	4	107286
2362	BRAN	bran	5	5	1	13353
2363	CHAFF (HUSK)	chaff	4	5	1	18182
2365	RADISH	radish	5	5	1	90904
2366	ONION	onion	5	5	1	78434
2367	MANDARINE	tangerine	5	7	2	111374
2368	GARLIC	garlic	5	6	1	47131
237	STEPFATHER	stepfather	5	5	5	107271
2371	BREADFRUIT	breadfruit	5	6	1	13524
2374	DREAM	dream	2	8	3	34785
2375	VERTICAL	vertical	2	5	3	121210
2376	HORIZONTAL	horizontal	1	5	1	54685
238	PRAWNS	prawn	5	5	1	87103
2386	TURKEY	turkey	5	5	1	116697
2389	COATI (COATIMUNDI)	coati	5	5	2	21219
239	FLOWER	flower	5	8	1	44035
2390	PECCARY	peccary	5	5	2	82333
2393	JOURNEY	journey	3	7	5	62195
2395	CONGEAL (BLOOD)	coagulate	3	5	3	21123
2396	KNOCK	knock	3	5	5	63596
2397	LOBSTER	lobster	5	7	3	66926
2398	MANGO	mango	5	7	1	68989
24	PRAY	pray	1	7	3	87109
240	ELECTION	election	3	5	5	36661
2400	THEIR	their	1	5	1	112855
2401	PICTURE	picture	4	6	1	84247
2402	ROBIN	robin	5	6	1	95979
2403	TOY	toy	4	7	3	114935
2405	CHRISTMAS	christmas	4	9	5	19667
2406	HOME	home	4	8	1	54254
2407	BIRTHDAY	birthday	4	8	5	11062
2408	CAKE	cake	5	8	2	15620
2409	BROWN	brown	3	5	1	14185
241	TREE STUMP	stump	4	5	1	108541
2410	GOOD-LOOKING	pretty	1	7	3	87900
2411	HURT (SOMEBODY)	hurt	3	2	7	55482
2412	THANK (SOMEBODY)	thank	1	7	1	112768
242	COST	cost	2	5	1	25336
2422	SOMEONE	someone	2	5	2	104685
2423	CHANNEL	channel	3	5	1	18401
2424	MEMBER	member	2	5	2	70567
2425	PROBLEM	problem	1	3	5	88255
2426	CLIMATE	climate	2	5	1	20703
2427	FUTURE	future	1	7	5	46623
2428	LIBRARY	library	4	8	1	65909
2429	LOGIC	logic	1	6	1	67101
243	FRESH	fresh	2	7	3	45779
2430	OFFICE	office	4	5	2	78028
2431	REVOLUTION	revolution	2	6	7	95208
2432	MARRIAGE	marriage	2	7	5	69507
2433	THEORY	theory	1	5	1	112940
2434	TRAGEDY	tragedy	1	1	7	115097
2435	UNIVERSITY	university	3	7	3	118844
2438	CAIMAN	cayman	5	5	5	17697
244	LEFT	left	1	5	1	65291
2440	PINEAPPLE	pineapple	5	7	2	84537
2441	CASHEW	cashew	5	7	1	17136
2442	COCOA BEAN	cacao	5	7	2	15434
2444	KINGFISHER	kingfisher	5	7	3	63275
2445	PAPAYA	papaya	5	6	1	81105
2446	SLOTH	sloth	4	5	1	103422
2447	WOODPECKER	woodpecker	5	6	3	125041
2449	FAT (OF MEAT AND FOOD)	fatty	3	3	3	41783
245	BROOM	broom	5	5	1	14146
2451	FOURTEEN	fourteen	3	5	1	45327
2452	PURPLE	purple	3	5	1	89875
2453	SEVENTEEN	seventeen	3	5	2	100591
2454	SIXTEEN	sixteen	3	5	3	102649
2457	PATH OR ROAD	way	2	5	1	123025
2459	GRINDSTONE	grindstone	5	5	3	50170
246	THRUST	thrust	3	5	7	113429
2460	DINGO	dingo	5	5	3	31915
2462	WINNOWING	winnow	2	5	1	124562
2465	DISGUST	disgust	1	1	6	32697
2466	WEIGHT	weight	3	5	2	123309
2467	GAME	game	3	7	5	46919
2468	BAG	bag	5	5	1	7902
2469	AGAINST	against	1	3	3	1950
2470	DEAR	dear	1	7	3	28599
2471	LADY	lady	3	6	3	64125
2472	SUCKLE (BREASTFEED, NURSE)	suckle	4	5	5	109189
2473	HIS (GENITIVE OF HE)	his	1	5	1	53874
2474	HER (GENITIVE OF SHE)	her	1	5	3	53170
2477	YAK	yak	5	5	2	125691
248	HAPPEN	happen	1	5	3	51744
2481	FEMALE DOG	bitch	3	2	7	11141
2482	TOGETHER	together	2	8	2	114203
2483	COLD (OF WEATHER)	cool	1	7	3	24638
2486	HIDE	hide	3	5	5	53535
2489	ABACUS	abacus	5	5	1	19
249	FOG	fog	5	5	1	44333
2493	BOIL	boil	3	3	6	12264
2495	ELEPHANT TUSK	tusks	5	5	3	116792
2496	ADORNED	crested	3	5	2	26488
2497	RATTAN	rattan	5	5	1	91471
2498	OPIUM	opium	5	3	6	78654
2499	KAPOK TREE	kapok	5	5	1	62672
25	DIRT	dirt	5	5	1	32116
2500	GINGER	ginger	5	5	3	48175
2501	RICE HUSK	husk	4	5	1	55511
2502	GONG	gong	5	5	5	49065
2503	LAUNDER (WASH CLOTHES)	launder	1	5	3	64822
2504	DIFFERENT	different	1	5	3	31610
2505	BEDROOM	bedroom	5	6	3	9492
2506	LOOSE	loose	1	5	2	67356
2507	DISGUSTING	disgusting	2	1	7	32702
2508	PANGOLIN	pangolin	5	5	3	80985
2509	EXCHANGE	exchange	2	5	3	39877
251	SHARPEN (SOMETHING)	sharpen	3	5	5	100972
2510	PORCUPINE	porcupine	5	5	3	86398
2511	GIBBON	gibbon	5	5	2	48050
2512	CHICK	chick	4	5	3	19064
2514	SPOUSE	spouse	4	7	5	106138
2517	CROWDED	crowded	3	4	6	26909
2518	HEARING (AURAL SENSE)	hearing	3	5	1	52533
2519	SEEING (VISUAL SENSE)	sight	3	5	2	102110
252	FRIGHTEN	frighten	1	2	7	45895
2524	JOY	joy	1	9	5	62224
2526	POWER	power	1	6	6	86968
2527	ABILITY	ability	1	7	1	162
2530	SMART	intelligent	1	8	3	59658
2531	BROAD	broad	1	5	1	13971
2532	TORNADO	tornado	5	2	8	114613
2534	DEPTH	depth	2	5	1	30433
2537	LENGTH	length	3	5	1	65498
2538	TRENCH (FOSSE)	trench	4	5	3	115748
2539	PIT (POTHOLE)	pit	3	5	3	84796
2540	LIME (MATERIAL)	lime	5	6	2	66282
2541	MIRACLE	miracle	1	9	7	72073
2542	HERB	herb	5	5	1	53179
2543	RAVEN	raven	5	5	3	91524
2544	SHEPHERD	shepherd	4	6	2	101177
2545	HARROW (TOOL)	harrow	3	3	5	52038
2546	BORDER	border	3	5	3	12772
2547	CITY	city	4	5	3	20206
2548	BARREL	barrel	5	5	2	8711
2549	VEHICLE	vehicle	4	5	2	120869
255	SERVANT	servant	4	5	3	100463
2553	MISERY	misery	1	1	7	72291
2554	PRINCE (RULER)	prince	4	6	5	88090
256	FOOD	food	4	7	1	44510
2562	SEX (GENDER)	sex	4	6	9	100649
2564	PIGLET	piglet	5	8	2	84363
2565	CASTRATED BOAR	barrow	4	5	1	8745
2566	GELDING	gelding	4	5	3	47518
2567	CAPON	capon	5	5	1	16419
2568	BAKER	baker	4	7	1	8000
2569	BUTCHER	butcher	4	4	6	15150
257	WORSHIP	worship	2	6	5	125325
2570	BEEF	beef	5	5	1	9535
2571	TRY (TEST)	test	3	5	3	112609
2572	SENSE (PERCEIVE BY SENSES)	sense	1	5	1	100173
2573	FEELING (EMOTION)	emotion	1	5	5	37340
2576	ALREADY	already	1	5	1	3024
2577	YET	yet	1	5	1	125909
2578	PENCIL	pencil	5	5	1	82609
2579	TOOTHBRUSH	toothbrush	5	6	2	114460
258	CALM	calm	1	7	1	15826
2580	HELICOPTER	helicopter	5	5	5	52879
2581	OCTOPUS	octopus	5	5	3	77902
2584	BENCH	bench	5	5	1	9964
2585	RACQUET	racquet	5	5	3	90789
2586	SEAHORSE	seahorse	5	7	2	99307
2587	DARTS	dart	4	5	5	28312
2588	GLOBE	globe	4	5	1	48571
2589	WREATH	wreath	5	5	2	125424
2590	HARMONICA	harmonica	5	7	3	51960
2591	RHINOCEROS	rhinoceros	5	6	3	95334
2592	IGLOO	igloo	5	6	1	56349
2593	STILTS	stilts	4	5	3	107535
2594	DOMINOES	dominoes	5	6	2	34043
2595	CACTUS	cactus	5	5	2	15478
2596	ESCALATOR	escalator	5	5	3	38999
2597	HARP	harp	5	6	1	51992
2599	STETHOSCOPE	stethoscope	5	6	3	107391
26	UNPLEASANT	unpleasant	1	2	5	119176
2600	PYRAMID	pyramid	5	5	2	90090
2601	UNICORN	unicorn	3	8	5	118676
2602	FUNNEL	funnel	4	5	2	46463
2603	ACCORDION	accordion	5	5	2	662
2604	NOOSE	noose	4	1	8	76883
2605	ASPARAGUS	asparagus	5	5	1	6152
2606	COMPASS	compass	4	5	1	22585
2607	TRIPOD	tripod	5	5	2	116050
2617	BULB	bulb	4	5	1	14545
2618	CAMERA	camera	5	6	3	15928
2619	CARD	card	3	5	1	16638
2620	CARRIAGE	carriage	4	5	2	16949
2621	CURTAIN	curtain	5	5	1	27567
2622	ENGINE	engine	5	5	3	37911
2623	FLAG	flag	5	5	1	43344
2624	FRAME	frame	3	5	1	45440
2625	MAP	map	5	5	1	69229
2626	NERVE	nerve	3	5	5	75588
2627	ORANGE (FRUIT)	orange	5	5	1	78776
2628	PLANT STEM	stem	3	5	1	107218
2629	TRAY	tray	5	5	1	115619
263	HERDSMAN	herdsman	5	5	1	53219
2630	WHIP	whip	3	5	7	123807
2631	WIRE	wire	4	5	2	124624
2638	FISHING	fishing	4	7	1	43179
2640	LARVA	maggot	5	2	6	68357
2643	INK	ink	5	5	1	58976
2648	HAIR (HEAD)	hairs	5	5	1	51259
265	FOWL	fowl	4	5	1	45338
2651	BE IGNORANT	ignorant	1	2	3	56381
2655	JACKFRUIT	jackfruit	5	6	1	61345
2656	MIDNIGHT	midnight	3	6	5	71504
2657	LADLE	ladle	5	5	1	64116
2658	COAL	coal	5	5	1	21133
2662	TOENAIL	toenail	5	5	2	114187
2664	SCAB	scab	4	3	3	98236
2665	WART	wart	5	3	3	122681
2666	SOLE (FOOT)	sole	1	5	1	104529
2667	TORSO	torso	4	5	2	114659
2668	SKELETON	skeleton	4	5	5	102712
2669	POINT (WITH FINGER)	point	3	5	3	85727
267	NIT	nit	5	3	2	76211
2670	ACROSS	across	1	5	1	971
2672	HEADWATERS	headwaters	5	5	2	52478
268	DRIBBLE	dribble	3	5	3	34880
2680	MACHETE	machete	5	3	8	68168
2685	CARP (FISH)	carp	5	5	1	16897
269	COOKED	cooked	4	5	2	24608
2691	PATERNAL AUNT (FATHER'S SISTER)	satisfy	1	7	3	98039
27	AIR	air	4	5	1	2261
270	JUG	jug	5	5	1	62317
2704	FADE (LOOSE COLOR)	fade	2	5	1	41138
2705	INHALE	inhale	3	5	2	58843
2706	GNAW	gnaw	3	4	5	48778
2708	TALK	talk	1	5	2	111258
2709	FLATTER	flatter	1	6	3	43557
271	SAUCER	saucer	5	5	1	98075
2712	GET DIZZY	dizzy	2	5	6	33680
2715	DESPISE	despise	1	1	7	30769
2717	STEEP	steep	3	5	3	107156
272	TONGS	tongs	5	5	2	114385
273	DOUGH	dough	5	5	1	34360
274	KNEAD	knead	4	5	2	63494
275	PEEL	peel	3	5	1	82457
2753	UNTIL	until	1	5	1	119802
2754	TOWARDS	towards	1	5	1	114851
2755	BUSY	busy	1	5	6	15136
2756	IDLE	idle	2	5	1	56300
2758	CAREFUL	cautious	1	5	3	17633
2759	RECOMMEND	recommend	1	7	2	92198
2762	BLOCK (THE WAY)	obstruct	2	3	5	77752
2765	CHERRY	cherry	5	7	2	18954
2766	WATERMELON	watermelon	5	8	2	122905
2768	LITCHI	litchi	5	6	2	66648
2769	PORK	pork	5	6	1	86405
277	SPINDLE	spindle	3	5	1	105732
2770	JACKET	jacket	5	5	1	61339
2771	SHAWL	shawl	5	6	1	101021
2772	KITCHEN KNIFE	chopper	4	5	5	19549
2773	FINGERTIP	fingertip	5	5	2	42932
2774	LITTLE FINGER	pinky	4	5	2	84600
278	AWL	awl	5	5	1	7464
2783	SCALES (MEASURE INSTRUMENT)	scale	3	5	1	98269
2784	CRUCIAN CARP	crucian	5	5	3	26946
2785	BIVALVIA (MUSSELS OR OYSTERS)	bivalve	4	5	1	11193
2789	BURP	burp	4	4	3	14973
279	THATCH	thatch	4	5	1	112795
2797	SESAME	sesame	5	5	1	100512
28	MOISTEN	moisten	3	5	3	72858
280	RIDGEPOLE	ridgepole	5	5	2	95510
2804	AMULET	amulet	4	6	3	3540
2805	BIRTH (ACCOUCHEMENT)	birth	4	8	5	11055
2806	BLACK MAN	negro	3	1	6	75461
2808	BLACKEN	blacken	2	3	5	11256
2809	BLUEBERRY	blueberry	5	7	1	11896
281	POST	pole	5	5	1	85827
2810	BREASTBONE	breastbone	5	5	3	13598
2811	BUSHFIRE	bushfire	5	2	8	15051
2814	CUTTLEFISH	cuttlefish	5	5	2	27728
2815	DIALECT	dialect	2	5	1	31304
2816	ECHO	echo	3	5	3	36035
2817	EMU	emu	5	5	3	37463
2818	FORD (CROSSING)	ford	3	5	1	44733
2819	GRASSLAND	meadow	5	8	1	70127
2821	JEALOUS	jealous	1	3	7	61631
2824	KNUCKLE	knuckle	5	5	3	63665
2825	LEFT HANDED	left-handed	4	5	1	65295
2826	LIE (FALSEHOOD)	untruth	1	3	3	119848
2827	MENSTRUATE	menstruate	4	5	5	70700
2828	MOTH	moth	5	5	1	73687
2829	MUSSELS	mussel	5	5	1	74549
2830	OYSTERS	oyster	5	5	1	80451
2831	PENGUIN	penguin	5	7	2	82658
2832	PYRE	pyre	4	3	6	90093
2833	RUM	rum	5	5	5	96873
2834	SCROTUM	scrotum	5	5	5	99098
2836	STARLIGHT	starlight	4	8	2	106888
2837	SWAN	swan	5	7	1	110278
2838	TAME	tame	2	5	1	111327
284	HOE	hoe	5	3	5	54061
2841	WOMBAT	wombat	5	6	2	124924
2842	TURMERIC	turmeric	5	7	1	116703
2843	CAULIFLOWER	cauliflower	5	5	1	17580
2845	SIZE (OF OBJECT)	size	1	5	1	102663
285	THRESH	thresh	3	5	3	113321
2851	AUGUST	august	1	5	1	6968
2860	BOLT (MOVE IN HASTE)	rush	3	5	7	97022
2861	BUDGE (ONESELF)	budge	2	5	2	14428
2862	CONNECT	connect	1	7	3	23640
2863	DASH (OF VEHICLE)	dash	3	5	5	28332
2864	DECREASE	decrease	2	5	1	29089
2865	DIE (FROM ACCIDENT)	perish	2	2	7	83072
2867	CALCULATE	calculate	1	5	1	15677
2869	BOTHER (HARASS)	bother	2	3	5	12905
287	CONE	cone	5	5	1	23238
2870	RECOGNIZE (SOMEBODY)	recognize	1	6	1	92170
2872	IMPROVE (SOMETHING)	improve	1	8	3	57260
2877	RUSTLE (OF LEAVES)	rustle	3	5	3	97071
2879	SOUND (OF INSTRUMENT OR VOICE)	sound	3	5	1	104995
288	FORGE	forge	3	5	5	44971
2880	HALT (STOP)	stop	2	5	5	107843
2881	URGE (SOMEONE)	urge	2	5	6	120232
2882	ADD	add	1	5	2	1116
2883	DISTURB	disturb	1	3	6	33452
2884	HANG	hang	3	5	5	51662
2885	HERD (SOMETHING)	herd	4	5	1	53211
2886	PRODUCE	produce	3	5	1	88370
2887	THAW (DEW)	thaw	3	5	1	112813
2888	TINKLE	tinkle	3	5	3	113905
2889	TWINKLE	sparkle	3	8	5	105285
289	MOLD	mold	3	3	2	72891
2891	TIE UP (TETHER)	tether	3	5	3	112674
2892	MAKE ANGRY (ANNOY)	annoy	1	3	6	4135
2893	NOTICE (SOMETHING)	notice	2	5	3	77100
2894	TUMBLE (FALL DOWN)	tumble	3	5	3	116540
2896	CAUSE TO (LET)	let	1	5	1	65627
2897	CHIME (ACTION)	chime	3	6	2	19220
2898	CONVEY (A MESSAGE)	convey	1	5	1	24516
2899	JOG (SOMETHING)	jog	3	7	3	62028
29	GELD	castrate	4	2	8	17245
290	ADZE	adze	5	5	1	1626
2900	PROTECT	protect	1	8	3	88982
2902	BRAWL (FIGHT)	brawl	4	2	7	13470
2903	CHAT (WITH SOMEBODY)	chat	3	6	2	18654
2904	RINSE	rinse	3	5	1	95695
2905	KNIT	knit	3	5	1	63566
2906	TRANSLATE	translate	1	6	1	115382
2907	ROT	decay	3	2	3	28817
2909	PREPARE	prepare	1	5	3	87596
2911	BACKWARD	backward	2	3	2	7811
2912	FORWARD	forward	1	7	3	45218
2914	ONCE (IN THE PAST)	formerly	1	5	1	45078
2916	INSTANTLY (IMMEDIATELY)	instantly	1	5	5	59433
2919	STILL (CONTINUING)	still	2	5	1	107513
292	RUG	rug	5	5	1	96831
2920	SUDDENLY	suddenly	1	5	6	109211
2921	THEN	then	1	5	1	112884
2923	THITHER (THERE TO)	thither	1	5	1	113199
2924	A LITTLE	bit	3	5	1	11135
2925	HITHER (HERE TO)	hither	1	5	2	53939
2926	HARDLY	hardly	1	5	2	51872
2927	FROM HERE	hence	1	5	1	53101
2929	BENEFIT	benefit	1	8	1	10021
2930	BOSS	boss	4	5	5	12860
2931	BUSINESS	business	2	5	3	15079
2932	COLD (CHILL)	chill	3	7	1	19200
2933	CONVERSATION	conversation	2	7	3	24482
2934	CUCKOO	cuckoo	5	5	3	27196
2935	CURRENT (STREAM)	current	3	5	1	27518
2936	ELEVATION	elevation	2	6	3	36859
2937	FAIRY TALE	tale	2	6	2	111239
2938	FLAVOR	flavor	3	7	3	43595
2939	FLOCK (OF ANIMALS)	flock	3	5	2	43869
294	TUMPLINE	tumpline	5	5	3	116575
2940	GATE	gate	5	5	1	47301
2941	HAPPINESS	happiness	1	9	5	51753
2942	HOARFROST	hoarfrost	5	5	2	53984
2943	BUNDLE	bundle	3	5	2	14735
2945	COUNT (QUANTITY)	quantity	1	5	1	90287
2946	CRADLE	cradle	4	5	2	26085
2947	DAMAGE (INJURY)	damage	3	2	6	28079
2948	GAP (DISTANCE)	gap	2	5	1	47042
2949	LAIR	lair	4	5	3	64187
295	WHETSTONE	whetstone	5	5	2	123742
2950	MEANING	meaning	1	5	1	70178
2951	POUCH	pouch	5	5	1	86887
2952	SLAB	slab	4	5	1	102990
2953	SLEEVE	sleeve	5	5	1	103204
2954	SLICE	slice	3	5	2	103234
2955	STATE (POLITICS)	state	1	5	1	106939
2956	TUBE	tube	4	5	1	116460
2957	WARE	ware	3	5	1	122577
2958	LAUGHTER	laughter	3	9	5	64812
2959	LEASH	leash	5	5	3	65164
296	CROUCH	crouch	4	5	3	26887
2960	LONGING (WISH)	desire	1	7	7	30705
2961	MESSAGE	message	3	5	2	70938
2962	MOORLAND	moor	4	5	2	73407
2963	NET	net	3	5	1	75636
2964	NEWS	news	3	5	5	75848
2965	PAW	paw	5	5	2	82126
2966	PERCH (FISH)	perch	3	5	1	82890
2967	PIKE (FISH)	pike	5	5	3	84387
2968	REASON	reason	1	5	1	91829
2969	RIBBON	ribbon	5	5	1	95400
297	CROOKED	crooked	2	3	5	26744
2970	RIDDLE	riddle	3	5	5	95492
2971	SIN	sin	1	3	6	102416
2973	STRAP	strap	4	5	5	108056
2974	SWARM (OF BIRDS)	swarm	3	5	6	110310
2975	THOUGHT	thought	1	5	1	113259
2976	VIOLENCE	violence	2	1	8	121644
2977	WORKER	worker	4	5	2	125191
2978	DISTANCE	distance	2	5	1	33315
298	SHRIEK	shriek	4	3	8	101762
2980	AREA	area	3	5	1	5530
2981	ITEM	item	3	5	1	61228
2982	GIFT	gift	4	8	3	48080
2983	COMPANIONSHIP	company	2	5	2	22555
2984	HEAP	heap	4	5	1	52518
2985	HEIGHT	height	3	5	3	52829
2986	CAMPFIRE	campfire	5	8	3	15993
2987	AMOUNT	amount	1	5	1	3459
2988	PATTERN	pattern	2	5	1	82051
2989	FRINGE	fringe	2	5	3	45921
299	SCOLD	scold	2	3	5	98768
2990	SACK	sack	4	5	3	97182
2991	SKI	ski	5	7	5	102755
2992	TIP (OF OBJECT)	tip	3	5	2	113955
2993	STROKE (OF PEN)	stroke	3	2	6	108365
2995	TONE (MUSIC)	tone	2	5	1	114367
2996	WEALTH	wealth	2	7	5	123073
2997	COLORFUL	colourful	3	7	3	22053
2998	DAMP	damp	4	4	2	28118
2999	EVERYWHERE	everywhere	2	5	3	39665
3	BRAVE	brave	1	8	6	13456
300	RATTLE	rattle	3	5	5	91480
3001	POWERFUL	powerful	1	7	7	86978
3002	PRECIOUS	precious	1	8	3	87212
3003	SOLID	solid	3	6	1	104571
3004	FORMER	former	1	5	1	45077
3005	FAMILIAR	familiar	1	6	1	41390
3006	SPACE (AVAILABLE)	space	3	5	1	105171
3008	ECHIDNA	echidna	5	5	2	36030
301	CHIEFTAIN	chief	2	6	3	19115
3010	WAGTAIL	wagtail	5	5	2	122313
3011	GRUB	grub	4	5	3	50446
3012	BANDICOOT	bandicoot	5	5	3	8277
3017	MONITOR LIZARD	goanna	5	5	3	48833
302	CLAN	clan	3	5	3	20330
3020	BREAK (BREAKING)	burst	3	5	7	15006
3025	BARN OR SHED	barn	5	5	1	8639
3026	CONJUNCTIVITIS	conjunctivitis	5	2	5	23605
3028	GRAVEL	gravel	5	5	1	49781
303	ABSTAIN FROM FOOD	abstain	1	5	3	397
3032	STARFISH	starfish	5	6	1	106866
3033	SCARED	scared	1	2	8	98383
304	PREACH	preach	2	5	5	87131
3044	BOVINE	bovine	3	5	1	13053
3046	FODDER	fodder	4	5	1	44323
3049	COURAGE	courage	1	8	6	25763
305	GRANDPARENTS	grandparent	5	8	2	49582
3050	SEEDLING	seedling	5	7	2	99666
3053	TIGHT	tight	3	5	5	113688
3055	SWINDLE	cheat	2	2	7	18732
3057	FLAIL	flail	3	3	6	43389
3058	GRAZE	graze	3	5	1	49849
3059	MALARIA	malaria	4	1	7	68701
3060	PHEASANT	pheasant	5	5	1	83651
3061	PHLEGM	phlegm	5	3	2	83774
3062	TURNIP	turnip	5	5	1	116732
3063	RAMIE	ramie	5	5	1	91138
3064	RUST	rust	4	3	1	97052
3065	SADDLE	saddle	4	5	2	97234
3066	SCARF OR TURBAN	scarf	5	5	1	98390
3069	FALSE	false	1	3	3	41344
307	HAWK	hawk	5	5	5	52272
3071	INSERT	insert	1	5	3	59272
3072	MISPLACE	lose	1	3	5	67451
3073	MANAGE	manage	1	5	1	68890
3074	FIX	fix	3	5	3	43281
3075	SLANTED	slanting	3	5	2	103050
3076	SLOPE	slope	3	5	2	103400
3078	IRRIGATE	irrigate	4	5	1	61010
308	TOUCAN	toucan	5	7	1	114752
3080	SPLIT OPEN	crack	3	3	7	26053
3081	CROPS	crops	4	5	1	26766
3083	BALLOON	balloon	5	7	3	8141
3084	BLACKBOARD	blackboard	5	5	1	11242
3085	CARROT	carrot	5	6	1	16963
3086	COMPUTER	computer	5	6	3	22872
3087	PACIFIER	dummy	3	3	2	35408
3088	ENVELOPE	envelope	4	5	1	38415
3089	GIRAFFE	giraffe	5	7	2	48223
309	OPOSSUM	opossum	5	5	2	78656
3090	GUITAR	guitar	5	7	5	50700
3091	LEMON	lemon	5	5	2	65468
3092	LIGHTER	lighter	4	5	3	66130
3093	LIPSTICK	lipstick	5	6	3	66539
3094	PAINTBRUSH	paintbrush	5	7	2	80661
3095	POSTMAN	postman	5	6	2	86677
3096	RACKET	racket	3	5	5	90769
3098	SNOWMAN	snowman	5	7	2	104134
3099	SOFA	sofa	5	6	1	104401
31	PAN	pan	5	5	1	80905
3100	SUNGLASSES	sunglasses	5	7	2	109582
3101	SWING	swing	3	5	5	110527
3102	TANK	tank	5	5	5	111396
3104	THERMOMETER	thermometer	5	5	2	113019
3105	UMBRELLA	umbrella	5	5	1	117248
3106	WARDROBE	wardrobe	5	6	1	122570
3110	CLAP	clap	4	5	3	20357
3111	CONDUCT	conduct	1	5	1	23214
3112	ERUPT	erupt	3	5	7	38967
3114	GRATE (SOMETHING)	grate	3	5	3	49739
3116	HATCH (OUT)	hatch	3	5	3	52139
3117	HITCHHIKE	hitchhike	4	5	5	53932
3119	MASSAGE (SOMEBODY)	massage	4	8	1	69696
312	TAPIR	tapir	5	5	1	111498
3120	MOP (SOMETHING)	mop	5	5	1	73436
3121	OPERATE (MEDICINE)	operate	1	5	5	78599
3123	PHOTOGRAPH (SOMETHING)	photograph	5	7	3	83930
3128	SHOWER (ACTION)	shower	4	7	2	101694
3129	SKATE	skate	4	7	5	102683
313	AGOUTI	agouti	5	5	2	2133
3130	SPILL (SOMETHING)	spill	3	5	5	105701
3131	SUNBATHE	sunbath	4	7	3	109521
3132	SURF	surf	3	7	5	110010
3134	TYPE (ON SOMETHING)	type	1	5	1	117023
3135	VACUUM (SOMETHING)	vacuum	4	5	1	120448
3137	OAR	oar	5	5	1	77511
3138	STRAWBERRY	strawberry	5	8	2	108113
3139	LADYBUG	ladybug	5	7	2	64130
314	CAPYBARA	capybara	5	7	1	16508
3140	VEST	vest	4	5	1	121245
3141	TAMBOURINE	tambourine	5	6	3	111324
3142	BISON	bison	5	5	1	11118
3144	GORILLA	gorilla	5	6	5	49247
3145	HIPPOPOTAMUS	hippopotamus	5	6	3	53840
3146	CHEETAH	cheetah	5	7	6	18863
3147	HAMSTER	hamster	5	7	3	51495
3148	MEERKAT	meerkat	5	7	3	70397
3149	ARMLET	armband	5	5	2	5681
315	CURASSOW	curassow	5	5	2	27430
3153	LORD	lord	3	5	3	67412
3157	CIVET	civet	5	5	3	20216
3160	SLAP	slap	3	3	7	103055
3167	SERMON	sermon	2	5	3	100422
3168	DOWRY	dowry	3	3	3	34540
3169	TREATY	treaty	2	6	2	115678
317	PIRANHA	piranha	5	3	7	84741
3171	RINGWORM	ringworm	5	2	5	95690
3172	SCABIES	scabies	5	2	5	98245
3174	WAKE UP (SOMEONE)	wake	3	5	3	122367
3176	RACK (FOR STORING FOOD)	rack	3	5	5	90767
3179	CORAL ROCK	coral	5	6	1	24863
318	FOOTPRINT	footprint	4	5	2	44621
3181	MUSTARD	mustard	5	5	1	74571
3187	DROWNED	drowned	3	1	8	35069
3188	MIGHTY OR POWERFUL OR STRONG	mighty	1	7	6	71565
319	LICK	lick	5	5	5	65959
3193	CROSSBOW	crossbow	5	5	5	26794
3197	SUSPICION	suspicion	1	3	6	110178
32	EARWAX	earwax	5	3	2	35897
320	LAME	lame	2	3	2	64255
3200	COUNTRYSIDE	countryside	5	7	1	25723
3202	CANNON	cannon	5	5	8	16200
3204	INSULT	insult	2	2	7	59554
321	CHEW	chew	3	5	2	19014
3213	HIRE OR RENT	hire	3	7	3	53857
3215	CREEP	creep	3	2	6	26405
322	FIG	fig	3	5	1	42640
3222	TWIG	twig	5	5	1	116908
3224	WRING	wring	3	3	5	125482
323	FAT (ORGANIC SUBSTANCE)	fat	3	3	3	41699
3230	DECEIVE	deceive	1	2	6	28836
3231	DEITY	deity	2	6	3	29588
3232	PELT	pelt	4	5	3	82568
3241	CORIANDER	coriander	5	5	1	24934
3243	CYPRESS	cypress	5	5	1	27864
3247	KIWIFRUIT	kiwi	5	7	1	63420
3248	MAPLE TREE	maple	5	6	1	69230
325	FELT	felt	3	5	1	42148
3252	PANCREAS	pancreas	5	5	1	80930
3257	CLITORIS	clitoris	5	5	6	20799
3258	FALCON	falcon	5	7	5	41292
3259	GORAL	goral	5	5	1	49215
326	CLOAK	cloak	4	5	2	20803
3260	HORNBILL	hornbill	5	5	2	54697
3261	HORNET	hornet	5	3	6	54706
3262	HORSEFLY	horsefly	5	3	3	54774
3263	LAP	lap	3	5	2	64503
3267	PULSE	pulse	3	6	5	89625
3268	QUESTION	question	1	5	3	90450
3269	PORCH	veranda	5	7	1	121041
327	PONCHO	poncho	5	5	1	86184
3274	ENCIRCLE	surround	2	5	3	110108
3276	SUNSHINE	sunshine	4	9	3	109628
3279	MANTIS	mantis	5	5	3	69170
3280	TUSK	tusk	5	5	2	116787
3282	GROOM	groom	3	5	3	50272
3283	CAGE	cage	5	3	5	15573
3284	GRAVEYARD	cemetery	5	3	5	17851
3287	BLOOM	bloom	3	8	3	11780
3288	WEED	weed	4	5	5	123231
329	STOCKING	stocking	4	5	3	107679
3299	KIND	kind	1	8	1	63215
33	NETTLE	nettle	5	5	3	75655
330	HEADBAND	headband	5	6	2	52376
3300	POLITE	polite	1	8	2	85888
3302	QUARREL (VERB)	argue	1	3	6	5589
3303	PICTURE (PAINTING)	painting	4	7	2	80670
3304	PICTURE (PHOTOGRAPH)	photo	5	7	1	83882
331	HEADDRESS	headdress	5	5	2	52383
3312	SHORT (TIME)	brief	1	5	1	13812
3313	JACKAL	jackal	5	5	5	61323
3314	LYNX	lynx	5	5	3	68085
3315	FLAX	flax	5	5	1	43617
3316	HOPS	hops	3	5	2	54667
3317	ELM	elm	5	5	1	36956
332	RAG	rag	4	3	1	90937
3320	SNARE (TRAP)	snare	3	3	5	103875
3325	PEARL	pearl	5	7	1	82272
3327	AUTUMN OR HARVEST SEASON	harvest	4	7	1	52077
3329	YEARLING (HORSE)	yearling	4	5	2	125802
333	PLAIT	plait	4	5	1	85020
3330	LENTILS	lentil	5	5	1	65542
3333	BELIEF (RELIGIOUS)	belief	1	7	3	9820
3334	RITE	rite	2	5	3	95802
3336	FUNERAL	funeral	4	1	7	46434
334	COOKHOUSE	cookhouse	5	5	3	24614
3349	WRISTWATCH	wristwatch	5	5	1	125507
3353	SIEVE (TOOL)	sieve	5	5	1	102092
3356	INCENSE	incense	4	6	3	57527
3357	CUPBOARD	cupboard	5	5	1	27389
336	PADLOCK	padlock	5	5	3	80575
3361	OFFICIAL	official	1	5	2	78041
3367	STUTTERER	stutterer	4	3	5	108605
3368	POWDER	powder	4	5	2	86953
337	PITCHFORK	pitchfork	5	5	3	84818
3375	PATIENT (SICK PERSON)	patient	3	5	1	81955
3376	ROBBER	robber	4	1	8	95961
3377	EMPEROR	emperor	4	5	5	37380
338	RAKE	rake	4	5	1	91088
3380	HUNTING DOG	hound	5	5	5	54977
3382	PEACOCK	peacock	5	6	3	82244
3384	WEASEL	weasel	5	3	3	123115
3385	ALUMINIUM	aluminum	5	5	1	3119
3386	SULPHUR	sulphur	5	5	3	109419
3388	PLACENTA	placenta	5	5	5	84943
3389	MEASLES	measles	5	2	5	70199
3396	BUILDING	building	4	5	1	14534
3399	WAREHOUSE	warehouse	5	5	2	122578
34	STAIRS	stairs	5	5	2	106647
340	LASSO	lariat	4	5	3	64584
3401	HENHOUSE	coop	4	5	1	24675
3404	TILE	tile	5	5	1	113728
3405	RULER	ruler	5	5	2	96863
3406	MERCHANDISE	goods	4	6	1	49134
3407	FILE (TOOL)	file	3	5	1	42716
341	SICKLE	sickle	5	5	3	101965
3413	IN THIS WAY	thus	1	5	1	113502
3415	BALDHEAD	baldhead	4	5	3	8057
3416	EVERY (EACH)	each	1	5	1	35770
342	HAY	hay	5	5	1	52297
3423	DRILL	drill	4	5	5	34918
3424	SHEATH	sheath	4	5	2	101047
3425	JOKE	joke	3	7	5	62083
3426	SURNAME	surname	3	5	1	110066
3427	DIRECTION	direction	2	5	1	32069
3429	COMPARE	compare	1	5	3	22566
343	VINE	vine	4	5	1	121591
3433	AUTONYM (OF PEOPLE)	autonym	1	5	1	7226
344	TREE TRUNK	trunk	5	5	2	116360
3446	PINK	pink	4	7	1	84579
345	SAP	sap	3	5	1	97849
3452	MUCH	much	1	5	1	73978
3458	SILENCE	silence	2	5	1	102218
346	BANYAN	banyan	5	5	1	8433
3460	BEACH	beach	5	8	1	9170
3463	RIVERBANK	bank (river)	5	5	2	8353
3466	DANGEROUS	dangerous	1	2	8	28193
3468	KINDNESS	kindness	1	9	1	63240
3469	LEVEL	level	3	5	1	65723
347	SORGHUM	sorghum	5	5	1	104899
3470	LIAR	liar	3	2	6	65832
3471	OBLIGATION (DUTY)	duty	1	5	3	35621
3475	SUFFICE	suffice	1	5	1	109244
349	ACHIOTE	annatto	5	5	1	4080
35	TAMARIND	tamarind	5	5	2	111318
350	MANGROVE	mangrove	5	5	1	68998
351	TARO	taro	5	5	1	111572
352	UNTIE	untie	3	5	2	119800
353	STRIKE	strike	3	4	6	108277
3533	ONE MILLION	million	2	7	3	71756
3534	BEG	beg	2	3	5	9648
3535	BE DEFEATED	defeated	2	2	5	29264
354	POUND	pound	3	5	5	86910
3545	WATERY	watery	3	5	2	122960
355	CUT DOWN	fell	1	5	2	42107
3551	FETCH	fetch	3	5	2	42371
3552	GREET	greet	1	7	2	50004
3553	HELLO	hello	3	7	1	52945
3554	GOODBYE	farewell	2	5	5	41544
356	SHEARS	scissors	5	5	2	98746
359	POTTER	potter	4	5	1	86867
3599	BILLION	billion	2	7	5	10731
36	PUBIC HAIR	pubes	4	3	5	89410
3602	TRILLION	trillion	2	5	5	115975
3606	STURGEON	sturgeon	5	5	1	108599
3608	WARRIOR	warrior	4	7	7	122672
361	PEG	peg	4	5	3	82512
3610	MALLARD	mallard	5	5	1	68790
3612	INDIGENOUS PEOPLES OF THE AMERICAS	indian	3	5	3	58061
3614	PANT	pant	3	5	6	81035
3615	BLEED	bleed	3	2	7	11519
3616	FAINT (PASS OUT)	faint	2	3	3	41191
3617	STUMBLE	stumble	3	5	4	108530
362	STRING	string	3	5	1	108299
3620	SLEEPY	sleepy	3	5	1	103194
3621	DISABLED PERSON	cripple	3	2	6	26622
3624	LEPROSY	leprosy	4	1	6	65584
3625	HEADACHE	headache	4	2	5	52371
3626	KNOW	know	1	5	1	63639
3628	HONOR (SOMEBODY)	honor	1	8	3	54515
3629	HESITATE	hesitate	1	5	3	53363
363	DWELL (LIVE, RESIDE)	dwell	1	5	1	35645
3630	PLAN	plan	2	6	1	85024
3631	PRETEND	pretend	1	5	3	87857
3632	GENEROUS	generous	1	8	3	47624
3633	CURIOUS	curious	1	7	5	27485
3634	STUBBORN	stubborn	1	4	5	108460
3635	ADULT	adult	2	5	3	1483
3637	WEAVER	weaver	4	5	1	123155
3638	ASSEMBLE (GET TOGETHER)	assemble	1	5	3	6258
3639	AVOID	avoid	1	3	3	7381
3640	GOSSIP	gossip	2	3	5	49284
3642	COMPLAIN	complain	1	3	5	22668
3643	AGREE	agree	1	7	1	2140
3644	AGREEMENT	agreement	1	7	2	2147
3645	PERSUADE	persuade	1	6	4	83325
3646	PROVERB	proverb	1	5	1	89112
3647	TICKLE (SOMEBODY)	tickle	4	7	5	113583
3648	SERVE (SOMEONE)	serve	2	5	2	100466
3649	PUNISH	punish	2	3	7	89727
365	SPLASH	splash	3	6	5	105870
3651	MUSH (FOOD)	mush	3	5	1	74465
3653	COOKING POT	saucepan	5	5	1	98072
3657	GRANARY	granary	5	5	1	49523
3658	BELLOWS	bellows	4	5	3	9890
3659	POLISH (SOMETHING)	polish	3	5	1	85878
366	LIMP	limp	3	3	2	66334
3663	COWRIE SHELL	cowrie	5	5	1	25972
3664	INHERIT	inherit	1	6	2	58860
3665	TRAVEL	travel	3	8	5	115579
3666	WANDER	wander	2	6	3	122489
3667	LOST	lost	1	3	5	67464
367	RIDE	ride	3	5	5	95496
3670	PLUNDER	plunder	3	2	7	85537
3673	MOURNING	mourning	1	2	5	73877
3674	ANTELOPE	antelope	5	6	3	4311
3675	ZEBRA	zebra	5	5	2	126161
3676	SHREW	shrew	5	3	3	101751
3677	MONGOOSE	mongoose	5	5	3	73082
3679	GROWL	growl	3	5	6	50422
3680	RUMINATE	ruminate	1	5	3	96892
3681	PARTRIDGE	partridge	5	5	1	81655
3683	CACKLE	cackle	3	5	5	15456
3684	PECK	peck	3	5	3	82335
3685	HISS	hiss	3	3	5	53878
3687	DESERT	desert	4	5	1	30645
3688	MARSH	marsh	5	5	1	69532
3689	BUBBLE	bubble	4	6	3	14318
369	OWE	owe	1	3	5	80343
3695	MOVEMENT	movement	2	6	5	73935
3697	DIP	dip	3	5	1	31990
3698	SINGE	singe	3	5	5	102447
370	BARTER	barter	2	5	3	8762
3700	LENGTHEN	lengthen	2	5	2	65499
3701	HOLLOW	hollow	3	3	3	54187
3702	SLIPPERY	slippery	3	5	3	103338
3703	STICKY	sticky	3	5	3	107469
3704	ODOR (SMELL)	odour	4	3	2	77963
3707	BEIGE	beige	4	5	1	9761
3709	BRILLIANT	brilliant	1	9	6	13862
3712	RAINCOAT	raincoat	5	5	2	91029
3713	PHARYNX	pharynx	5	5	1	83636
3714	LARYNX	larynx	5	5	1	64625
3716	OVARY	ovary	5	5	3	79714
3717	BADGER	badger	5	5	3	7864
3719	MARMOT	marmot	5	5	1	69480
372	POINTED	pointed	3	5	3	85734
3720	BUDGERIGAR	budgerigar	5	6	2	14430
3721	FINCH	finch	5	5	1	42861
3722	FLAMINGO	flamingo	5	7	3	43431
3723	NIGHTINGALE	nightingale	5	7	2	76063
3724	STORK	stork	5	5	2	107893
3725	AVOCADO	avocado	5	7	1	7374
3726	BROCCOLI	broccoli	5	6	1	14017
3727	CELERY	celery	5	5	1	17772
3728	COURGETTE	courgette	5	5	1	25772
3729	LETTUCE	lettuce	5	6	1	65676
3730	APRICOT	apricot	5	7	1	5231
3731	LYCHEE	lychee	5	7	1	68042
3732	POMEGRANATE	pomegranate	5	7	3	86144
3733	FERRY	ferry	5	5	2	42306
3734	CHIMPANZEE	chimp	5	5	3	19250
3736	INSTEP	instep	4	5	2	59447
3737	BAREFOOT	barefooted	4	6	3	8564
3739	MARTEN	marten	5	5	2	69560
374	ONE TIME	once	1	5	1	78369
3740	WHIRLWIND	whirlwind	4	5	7	123853
3743	BRASS	brass	5	5	1	13413
3744	INTERPRETER	interpreter	3	6	2	60122
3746	VASE	vase	5	5	1	120767
3747	SHAPE	shape	3	5	1	100921
375	SNIFF	sniff	3	5	3	103948
3750	KHAKI	khaki	5	5	2	63036
3752	LILAC	lilac	5	7	1	66229
3753	MAGENTA	magenta	4	6	3	68352
3754	TRANSPARENT	transparent	1	6	2	115452
3755	MOUNTAINOUS	mountainous	4	7	5	73853
3756	FLORAL	floral	3	7	2	43945
3757	MUGGY	muggy	3	4	3	74093
3758	WINDY	windy	4	6	3	124479
3759	FOGGY	foggy	4	5	2	44352
376	FRAGRANT	fragrant	3	7	3	45427
3760	THUNDERY	thunderbolt	5	6	7	113472
3761	EMOTIONAL	emotional	1	5	5	37341
3762	SAFE	safe	1	8	1	97272
377	LOUD	loud	3	5	6	67489
3777	CATFISH	catfish	5	4	3	17466
378	PINCH	pinch	3	5	5	84514
3780	PET	pet	3	8	2	83435
379	BLUNT	dull	3	3	1	35354
3796	ALBATROSS	albatross	5	5	3	2492
3797	OSTRICH	ostrich	5	5	2	79223
3798	STINGER	stinger	4	5	5	107554
3799	FISHBONE	fishbone	5	5	3	43150
38	SPREAD OUT	spread	2	5	3	106170
380	WRINKLED	wrinkled	4	4	2	125489
3800	IVORY	ivory	4	5	2	61287
3801	DATE (FRUIT)	date	3	6	5	28368
3802	FERN	fern	5	5	1	42249
3803	RASPBERRY	raspberry	5	7	2	91374
3804	GRAPEFRUIT OR POMELO	grapefruit	5	6	1	49654
3807	EYEBALL	eyeball	5	5	3	40899
3808	JUNGLE	jungle	5	5	6	62420
3809	SCREAM (PRODUCE A CRY)	scream	4	3	8	98980
381	BLAME	blame	1	3	5	11363
3812	COWARDLY	cowardly	2	2	5	25906
3813	DISOBEDIENT	disobedient	2	3	6	32924
3814	HANDSOME	handsome	3	8	5	51632
3815	ALMOND	almond	5	6	1	2950
382	GOVERN	govern	1	5	3	49352
3821	BROOK	brook	5	6	1	14132
383	MASTER	master	1	5	5	69734
3837	ASTRINGENT	astringent	2	5	3	6476
384	FREEMAN	freeman	3	6	3	45659
3840	CRANBERRY	cranberry	5	7	2	26144
3841	WINDMILL	windmill	5	7	1	124423
3842	ONE THIRD	one-third	3	5	1	78420
3843	BUT	but	1	5	2	15143
3844	CONTEMPT	contempt	1	2	5	24137
3845	DISAPPOINTMENT	disappointment	1	2	3	32208
3846	EXCITEMENT	excitement	1	8	8	39909
3848	SURPRISE (FEELING)	surprise	2	7	7	110081
3849	TRIUMPH	triumph	2	9	7	116100
385	RESPECT (SOMEBODY)	respect	1	8	3	94542
3854	SADNESS	sadness	1	2	5	97261
3855	ITCH (CAUSE ITCHING OR FEEL ITCHY)	itch	4	4	5	61218
3857	EGGSHELL	eggshell	5	5	2	36443
3858	CONFUSED	confused	1	3	5	23442
3859	MIDWIFE	midwife	4	8	3	71540
386	BATTLE-AXE	battle-ax	5	4	6	9059
3860	POSSESSIONS	belongings	4	5	2	9922
3861	FAIL	fail	1	2	5	41178
3866	ABORTION	abortion	3	3	8	258
3867	ALCOHOLIC (PERSON)	alcoholic	3	2	6	2534
3869	ANXIOUS	anxious	1	2	7	4720
387	SLING	sling	3	5	3	103301
3870	RUSTY	rusty	3	4	3	97085
3871	MURDERER	assassin	4	2	9	6231
3872	BLOND	blond	3	5	1	11697
3873	CHOCOLATE	chocolate	5	8	5	19446
3874	KNOWLEDGE	knowledge	1	8	1	63652
3875	CRIMINAL	criminal	3	2	7	26563
3876	DENTIST	dentist	5	5	5	30171
3877	DEPRESSION	depression	1	1	5	30406
3878	DIAMOND	diamond	5	8	5	31358
3879	IMAGINE	imagine	1	7	3	56570
388	FISHNET	fishnet	5	5	3	43200
3881	PISTOL	pistol	5	3	8	84789
3882	ROSE	rose	5	7	3	96389
3883	NOISY	noisy	1	3	6	76373
3885	IMPATIENT	impatient	1	3	6	56868
3886	TARANTULA	tarantula	5	4	7	111529
3887	NOBODY	nobody	1	5	3	76295
3888	SKUNK	skunk	5	3	3	102935
3891	EARHOLE	earhole	5	5	2	35806
3892	ACQUIRE (SOMETHING)	acquire	1	5	2	917
3893	AFFORD	afford	1	5	2	1824
3894	ATTACH	attach	2	5	3	6715
3895	DETECT	detect	1	5	3	30891
3896	ROAR	roar	3	5	7	95941
3897	NATURE	nature	3	8	1	75168
39	KEEN	keen	1	7	3	62806
390	PUNISHMENT	punishment	2	2	7	89735
3902	TRUST (SOMEBODY)	trust	1	8	3	116375
3903	SYMPATHIZE	sympathize	1	7	3	110739
3904	ENCOUNTER (MEET)	encounter	1	5	5	37626
391	BLESS	bless	1	8	2	11556
3914	TURQUOISE	turquoise	4	7	1	116767
3915	PRIDE	pride	1	7	5	88000
3916	PLEASURE	pleasure	1	8	7	85313
3917	DEVIL	devil	3	2	7	31113
3918	CALABASH	calabash	5	5	1	15632
392	MAGIC	magic	2	8	6	68361
3929	BRAZILIAN CEDAR	cedar	5	5	1	17720
393	CIRCUMCISION	circumcision	4	5	5	20072
394	SHAMAN (FOLK HEALER)	shaman	4	6	5	100853
3947	HONEYCOMB	honeycomb	5	7	2	54478
3948	SHOTGUN	shotgun	5	5	8	101628
395	PILL	pill	5	5	3	84428
3951	PANDA	panda	5	8	2	80934
3952	REFRIGERATOR	refrigerator	5	5	1	92988
3953	CHARITY	charity	2	8	2	18545
3954	FRIENDSHIP	friendship	2	9	2	45882
3955	HOSTILITY	hostility	1	2	7	54889
3956	DISPUTE	dispute	1	3	5	33117
3957	SYSTEM	system	1	5	1	110911
3958	SOCIETY	society	1	5	3	104318
3959	RELATIONSHIP	relationship	2	7	5	93424
3960	IDENTITY	identity	1	5	3	56249
3961	TEAM	team	2	7	2	111859
3962	DISCIPLINE	discipline	1	6	3	32335
3963	SCENERY	scenery	4	7	1	98465
3964	SPLENDOR	splendor	1	8	5	105902
3965	TRAUMA	trauma	1	2	8	115562
3966	CONCEPT	concept	1	5	1	22967
3967	CONTENT	content	2	7	1	24152
3968	EFFECT	effect	1	5	1	36312
3969	RESULT	result	1	5	2	94701
3970	PROCESS	process	2	5	1	88283
3971	METHOD	method	1	5	1	71111
3972	EXCITED	excited	1	8	7	39907
3973	DEPRESSED	depressed	1	1	5	30401
3974	UNHAPPY	unhappy	1	2	5	118609
3975	NERVOUS	nervous	1	3	7	75607
3976	EXPLODE	explode	3	2	9	40463
3977	SHINY	shiny	3	7	3	101317
3978	COMPANION	companion	3	8	3	22544
3979	TADPOLE	tadpole	5	5	2	111076
398	PIERCE	pierce	3	5	7	84291
3981	GUAVA	guava	5	7	1	50575
3982	BREEZE	breeze	4	7	1	13668
3984	THESE (PLURAL OF THIS)	these	1	5	1	113049
3985	THOSE (PLURAL OF THAT)	those	1	5	1	113256
3986	COLLAPSE	collapse	2	1	7	21807
3987	HOARSE	hoarse	3	3	3	53988
3988	PLATEAU	plateau	3	5	1	85154
3989	AGAVE	agave	5	5	1	1967
399	PLANTAIN	plantain	5	6	1	85077
3990	LAWN	lawn	5	5	1	64924
3991	TORTILLA	tortilla	5	7	1	114665
3992	SARDINE	sardine	5	5	1	97920
3993	JINGLE (INSTRUMENT)	jingle	3	7	5	61912
3994	PIANO (INSTRUMENT)	piano	5	7	1	84116
3995	AMAZONIAN MANATEE	manatee	5	7	1	68913
3997	ARTICHOKE	artichoke	5	5	1	5929
4	COURTYARD	courtyard	5	6	2	25822
40	ENVY	envy	1	3	5	38459
4000	LIGHTBULB	lightbulb	5	5	3	66119
4003	PLIERS	pliers	5	5	2	85388
4005	SUITCASE	suitcase	5	6	3	109347
4006	ROBOT	robot	5	5	3	95986
4007	WALRUS	walrus	5	5	1	122471
4008	SANDWICH	sandwich	5	7	1	97767
4010	TOASTER	toaster	5	5	1	114122
4011	TRUCK	truck	5	5	3	116282
4012	TELESCOPE	telescope	5	7	3	112146
4013	AMBULANCE	ambulance	5	5	7	3269
4014	MICROPHONE	microphone	5	5	3	71392
4015	PIRATE	pirate	4	5	6	84744
4016	MICROSCOPE	microscope	5	6	2	71407
4017	JELLYFISH	jellyfish	5	5	3	61690
4018	BLOUSE	blouse	5	6	2	11814
4019	CIGAR	cigar	5	5	3	19921
402	SURPASS	surpass	1	7	5	110069
4020	CLOWN	clown	5	5	5	20986
4021	DINOSAUR	dinosaur	5	6	3	31945
4022	SUBMARINE	submarine	5	5	3	108843
4023	VIOLIN	violin	5	7	2	121650
4024	SAXOPHONE	saxophone	5	6	5	98217
4025	LANTERN	lantern	5	5	2	64486
4026	SAILBOAT	sailboat	5	7	2	97346
4027	BATHTUB	bathtub	5	6	2	8997
4028	ASHTRAY	ashtray	5	3	2	6106
4030	DOORKNOB	doorknob	5	5	1	34154
4033	ELEVATOR	elevator	5	5	2	36861
4034	SANDALS	sandals	5	6	1	97701
4035	SWEATER	sweater	5	6	1	110375
404	ALCOHOL (FERMENTED DRINK)	alcohol	5	5	5	2532
41	IGNORE	ignore	1	5	2	56383
410	YAM	yam	5	5	1	125707
411	GOURD	gourd	5	5	1	49330
416	OUTRIGGER	outrigger	4	5	3	79576
419	SEVERE	severe	1	3	6	100609
42	STINKING	stinky	3	2	3	107586
420	FOREST	forest	5	7	1	44904
421	RETREAT	retreat	2	6	2	94907
425	BE LATE	delayed	2	3	3	29616
43	LEAD (GUIDE)	lead	3	5	3	65033
430	TWIST	twist	3	5	5	116953
432	BLOWGUN	blowgun	5	5	5	11833
437	GUAN	guan	3	5	1	50524
438	CHIGGOE (JIGGER FLEA)	chigger	5	3	5	19137
44	INJURE	injure	3	2	7	58963
442	FRONT TOOTH (INCISOR)	incisor	5	5	2	57601
446	LOWER ARM	forearm	5	5	1	44743
449	CORN FIELD	cornfield	5	6	1	24999
45	EVIL	evil	1	1	7	39685
451	HARMATTAN	harmattan	4	5	3	51947
456	GUINEA FOWL	guinea-fowl	5	5	2	50688
459	SNAP (OF STICK)	snap	3	5	5	103853
466	CASSOWARY	cassowary	5	5	3	17191
467	CRAYFISH	crayfish	5	5	3	26268
47	EXCRETA	excreta	4	2	5	39979
470	POSSUM	possum	5	5	2	86602
471	UPPER LEG (THIGH)	thigh	5	5	3	113109
472	PELICAN	pelican	5	6	1	82546
474	DRESS	dress	4	6	2	34844
476	CUP	cup	5	5	1	27386
477	LATE	late	1	5	3	64695
478	LIP	lip	5	5	3	66505
479	GROW	grow	2	7	2	50417
48	BE SILENT	silent	1	5	1	102224
480	PLATE	plate	5	5	1	85153
481	DISH	dish	4	5	1	32706
482	NOBLE	noble	1	7	3	76281
483	COMPOUND	compound	2	5	1	22791
484	CONDEMN	condemn	1	2	6	23133
485	DISAPPEAR	disappear	2	5	5	32196
486	MINISTER	minister	3	5	2	71978
487	SHY	shy	1	5	3	101899
488	MANNER	manner	1	5	1	69090
489	KIDNEY	kidney	5	5	1	63118
49	REFUSE	refuse	3	3	3	93021
490	DESCENDANTS	descendants	3	5	3	30592
491	CENTER	centre	3	5	1	17962
492	THREE	three	1	5	1	113307
493	FIVE	five	3	5	1	43271
494	FLIRT	flirt	2	6	6	43825
495	REVENGE	revenge	1	3	7	95073
496	CUCUMBER	cucumber	5	6	1	27202
497	SCAR	scar	4	3	5	98368
499	CURE	cure	3	8	3	27457
5	GAZELLE	gazelle	5	7	3	47440
500	CRUEL	cruel	1	1	7	26974
501	LIFT	lift	3	5	3	66086
502	NAIL (TOOL)	nail	5	5	3	74846
503	FROG	frog	5	5	2	45992
504	LEARN	learn	1	7	2	65136
505	PARENTS	parents	4	7	3	81392
506	MAIZE	corn	5	5	1	24959
507	MELON	melon	5	6	1	70540
508	PERIOD	period	3	5	3	83042
509	CERTAIN	certain	1	5	1	18083
51	SORE	sore	3	3	5	104886
517	FIREDRILL	fire-drill	4	5	6	43026
518	SPARK	spark	3	7	6	105279
519	SPOT	spot	3	5	1	106113
52	SHIVER	shiver	4	5	6	101419
520	MANZANITA	manzanita	5	5	1	69221
522	WOLF	wolf	5	5	6	124873
523	BACK OF HEAD	rear	3	5	3	91795
524	BARBEL	barbel	5	5	3	8498
526	HOWL	howl	4	5	6	55112
528	DREADFUL	dreadful	1	1	7	34775
53	SPIRIT	spirit	1	6	5	105805
530	FRECKLE	freckle	5	5	1	45588
533	GLUTTON	glutton	2	3	5	48731
534	HUMP	hump	3	5	6	55366
535	INFLATED	inflated	2	4	3	58622
537	TURBID	turbid	1	3	3	116654
539	NEST	nest	5	5	1	75620
54	SHRINK	shrink	3	5	3	101788
540	PALATE	palate	3	5	1	80720
541	POETRY	poetry	2	7	3	85703
543	SHUTTLE	shuttle	3	5	3	101888
544	SPICY	spicy	3	7	6	105663
545	SPRUCE	spruce	4	5	1	106267
547	SURFACE	surface	3	5	1	110013
549	COPULATE	copulate	4	5	7	24807
55	WHISPER	whisper	3	6	2	123880
550	DILUTE	dilute	2	5	1	31803
554	HINDER	hinder	1	3	3	53770
555	INFRINGE	infringe	1	3	5	58731
557	OFFEND	offend	1	2	5	78002
56	BAD LUCK	misfortune	1	2	5	72308
568	RISE (MOVE UPWARDS)	rise	2	7	5	95754
569	SPOIL (BECOME SPOILED)	rot	3	2	3	96449
57	ATOP	atop	2	5	2	6680
571	STING	sting	3	3	6	107553
573	SWAY	sway	2	5	3	110347
575	TREAD	tread	3	5	3	115631
576	DANDRUFF	dandruff	5	3	2	28182
577	FOREFINGER	forefinger	5	5	2	44787
578	KISS	kiss	4	8	7	63352
579	BATTLE	battle	3	3	8	9058
58	LIQUID	liquid	3	5	1	66560
580	FUR	fur	5	5	2	46481
581	COME BACK	return	1	5	2	94988
582	LEND	lend	1	5	2	65489
584	DIFFICULT	difficult	1	3	5	31628
585	BOOT	boot	5	5	2	12689
586	GARDEN	garden	5	7	1	47089
587	ANT	ant	5	5	1	4264
588	BROKEN	broken	3	2	5	14048
589	CLOSED	closed	2	5	2	20875
59	ELECTRICITY	electricity	4	7	5	36704
590	NAKED	naked	3	5	7	74886
592	PISS	urinate	5	5	3	120251
593	POTATO	potato	5	5	1	86773
594	PIECE	piece	3	5	1	84267
595	GROUNDNUT (PEANUT)	peanut	5	5	1	82264
596	POSTAGE STAMP	stamp	4	5	2	106725
597	PHYSICIAN	doctor	4	7	3	33744
598	SHELL	shell	4	5	3	101132
6	EARTHQUAKE	earthquake	5	2	8	35880
60	OAT	oats	5	5	1	77539
600	STRANGE	strange	1	5	5	108035
602	HIDE (CONCEAL)	conceal	1	5	3	22926
603	COAT	coat	5	5	1	21205
604	GLASS	glass	5	5	1	48389
605	GRAIN	grain	4	5	1	49478
606	GRASS	grass	5	5	1	49715
607	GRASSHOPPER	grasshopper	5	5	2	49723
608	GULF	gulf	3	5	2	50717
609	HAIL	hail	4	5	3	51195
610	PORT	port	3	5	1	86451
611	HARVEST	crop	4	5	1	26757
612	HEAT	heat	3	5	5	52621
613	HIGH TIDE	flood	4	2	7	43885
614	HILL	hill	5	5	1	53724
615	HORSE	horse	5	5	3	54761
616	HOSPITAL	hospital	5	5	5	54857
617	ICE	ice	5	5	1	56063
618	PRECIPICE	precipice	4	5	6	87218
619	ANIMAL	animal	3	5	3	4007
620	INSECT	insect	5	5	3	59233
621	IRON	iron	5	5	1	60834
622	ISLAND	island	5	7	1	61072
623	LAGOON	lagoon	5	7	1	64163
624	LAKE	lake	5	7	1	64200
625	LAMP	lamp	5	5	1	64306
626	LAND	land	4	5	1	64350
628	LEAF	leaf	5	6	1	65060
629	LEATHER	leather	5	6	3	65173
63	RUMOUR	rumour	1	4	5	96916
630	LIGHT (RADIATION)	light	3	7	1	66114
631	LIVESTOCK	livestock	5	5	1	66808
632	LIZARD	lizard	5	5	3	66829
633	MARKET	market	3	5	3	69422
634	MEAT	meat	5	5	1	70221
635	MILK	milk	5	5	1	71667
636	MILL	mill	5	5	1	71705
637	MOSS	moss	5	5	1	73666
638	MOTORCYCLE	motorcycle	5	7	6	73770
639	MOUNTAIN	mountain	5	7	1	73842
64	PIN	pin	3	5	2	84500
640	MUD	mud	5	5	1	74015
641	MUSHROOM	mushroom	5	5	1	74479
642	MUSIC	music	3	8	3	74489
644	OAK	oak	5	5	1	77499
645	OCEAN	ocean	5	7	1	77851
646	ASH	ashes	4	3	2	6093
647	PAINT (PIGMENTS)	paint	4	5	1	80655
648	PAPER	paper	5	5	1	81107
649	PASTURE	pasture	5	6	1	81853
65	AMBUSH	ambush	3	2	8	3279
650	PETROLEUM	petroleum	5	5	3	83511
651	SEAL	seal	3	5	1	99311
652	PLAIN	plain	3	5	1	84989
653	PLANT (VEGETATION)	plant	5	5	1	85073
654	PLASTIC	plastic	4	5	1	85127
655	POISON	poison	4	1	8	85761
656	POLICE	police	4	5	6	85847
657	PRICE	price	2	5	1	87964
658	RAIN (PRECIPITATION)	rain	5	5	1	91018
659	REED	reed	5	5	1	92692
66	KNEEL	kneel	4	5	3	63511
660	REEF	reef	4	6	1	92712
661	RELIGION	religion	2	5	5	93511
662	BATTERY	battery	5	5	2	9050
663	BAY	bay	3	5	1	9125
664	RESIN	resin	4	5	1	94455
665	BEE	bee	5	5	3	9521
666	RIVER	river	5	7	1	95841
667	ROAD	road	5	5	1	95880
668	ROCK	rock	5	5	1	96003
669	RODENT	rodent	5	4	3	96076
67	EMBERS	embers	4	5	3	37132
670	ROOT	root	3	5	1	96322
671	SAND	sand	5	5	1	97696
672	EARLY	early	1	5	1	35823
673	SCHOOL	school	3	5	3	98604
674	MOUTH	mouth	5	5	2	73906
675	FAECES (EXCREMENT)	excrement	5	1	5	39972
676	SHIT (DEFECATE)	defecate	4	3	3	29271
677	AXE	axe	5	5	5	7474
678	BEARD	beard	5	5	2	9274
679	BRIGHT	bright	3	8	3	13843
68	TATTOO	tattoo	4	5	5	111710
680	BREAK (DESTROY OR GET DESTROYED)	break	3	5	5	13545
681	DESTROY	destroy	2	2	8	30836
682	SIDE	side	3	5	1	101987
683	PERSON	person	4	5	1	83263
684	OWN	own	1	5	1	80359
685	DECIDE	decide	1	5	3	28880
686	EASY	easy	1	7	1	35942
687	NOTHING	nothing	1	5	1	77095
688	LUNG	lung	5	5	1	67908
689	BETWEEN	between	1	5	1	10384
69	SOBER	sober	3	7	3	104243
690	BOTTOM	bottom	3	5	1	12935
691	SEASON	season	2	5	1	99405
692	BRING	bring	1	5	3	13887
693	FROM	from	1	5	1	46023
694	GET	get	1	5	3	47927
695	GO	go	1	5	5	48802
696	STIR	stir	3	5	5	107609
698	WISE	wise	1	7	1	124673
699	SAD	sad	1	2	3	97225
7	GATHER	gather	2	5	2	47326
70	BRACKISH	brackish	3	5	3	13222
700	CARRY	carry	3	5	3	16973
701	SLOW	slow	1	5	1	103454
702	CATCH	catch	3	5	3	17365
703	SOON	soon	1	5	3	104803
704	CLEAN	clean	3	7	1	20518
705	GO UP (ASCEND)	ascend	1	7	5	6022
706	DARK	dark	2	4	5	28265
707	REMEMBER	remember	1	6	3	93627
708	SHINE	shine	3	8	3	101287
709	TEACH	teach	1	7	2	111832
710	WHEEL	wheel	5	5	1	123647
711	TALL	tall	3	5	1	111277
712	RICH	rich	1	7	5	95442
713	STEAL	steal	3	2	7	107078
714	SEED	seed	5	5	1	99644
715	SHOUT	shout	3	4	7	101654
716	GROAN	groan	3	3	5	50232
717	SWEET	sweet	3	7	3	110415
718	PAY	pay	3	5	3	82160
719	FIND	find	1	5	1	42863
72	CLAW	claw	5	5	5	20493
720	GOOD LUCK	luck	1	7	5	67726
721	LOW	low	1	5	1	67611
722	ATTACK	attack	2	1	8	6724
723	PLACE (POSITION)	place	3	5	1	84928
724	READ	read	3	5	1	91646
726	WHILE	while	1	5	1	123764
727	WHICH	which	1	5	1	123748
728	FIRST	first	1	5	3	43118
729	DAWN	dawn	4	7	1	28442
73	BEAK	beak	5	5	1	9215
730	SNAKE	snake	5	5	7	103827
731	BEVERAGE	beverage	4	6	1	10395
732	YOUR (SINGULAR)	your	1	5	1	126035
733	EARN	earn	1	6	2	35832
734	MAKE	make	1	5	1	68630
735	OWL	owl	5	6	1	80350
736	YARD	yard	5	5	1	125737
737	LIGHT (IGNITE)	ignite	3	6	7	56356
738	THING	thing	3	5	1	113125
739	FEED	feed	3	5	3	42027
74	PUPPY	puppy	5	9	7	89795
740	SHIP	ship	5	5	1	101318
741	DRIVE	drive	3	5	5	34954
742	END (OF SPACE)	end	1	5	3	37672
744	EGG	egg	5	5	1	36420
745	SHELF	shelf	5	5	1	101130
746	SHOP	shop	4	6	3	101511
747	BICYCLE	bicycle	5	7	3	10537
748	SOW SEEDS	sow	3	5	1	105142
749	ENTER	enter	1	5	3	38217
75	DISGRACE	disgrace	1	1	6	32676
750	DROP	drop	3	5	3	35020
751	SHRUB	shrub	5	5	1	101812
752	STORE	store	4	5	1	107871
753	PUPIL (STUDENT)	pupil	3	5	1	89778
754	HURRY	hurry	2	5	7	55476
755	DENY	deny	1	3	3	30203
756	DEPEND	depend	1	5	1	30247
757	BUTTON	button	5	5	1	15213
758	HERON	heron	5	5	1	53321
759	SILVER	silver	5	6	2	102293
760	KNOT	knot	5	5	2	63620
761	COVER	cover	3	5	1	25858
762	OUTSIDE	outside	3	5	2	79608
763	SKIN	skin	5	5	3	102825
764	SUIT	suit	3	5	2	109338
765	MOVE	move	3	5	5	73929
766	MENSTRUATION	menstruation	4	5	5	70704
767	CORPSE	corpse	5	1	7	25091
768	LUNCH	lunch	5	7	2	67889
769	ROOF	roof	5	5	1	96258
770	EARRING	earring	5	6	2	35851
771	HAT	hat	5	5	1	52134
772	BELT	belt	5	5	2	9930
773	HAVE	have	1	5	1	52240
774	CABBAGE	cabbage	5	5	1	15376
775	TRUMPET	trumpet	5	5	5	116340
777	FLUTE	flute	5	6	1	44198
778	SMOKE (EXHAUST)	smoke	4	4	5	103694
779	PART	part	2	5	1	81561
78	THAT	that	1	5	1	112793
780	OUR	our	1	5	1	79281
782	DEFEAT	defeat	2	3	6	29263
783	VICTORY	victory	2	9	7	121428
784	SNOW	snow	5	7	2	104087
785	STRONG	strong	1	7	5	108382
787	SAIL	sail	4	7	2	97343
788	SOAP	soap	5	5	1	104212
789	PEOPLE	people	4	5	2	82794
79	WASTE	waste	3	2	2	122765
790	READY	ready	2	6	5	91685
791	STRANGER	stranger	3	5	5	108038
792	BOIL (OF LIQUID)	boiling	4	5	7	12276
794	PEN	pen	5	5	1	82584
795	TROUT	trout	5	5	1	116265
796	NIPPLE	nipple	5	5	5	76190
797	TESTICLES	testicle	5	5	5	112635
798	JAW	jaw	5	5	3	61584
799	WRIST	wrist	5	5	1	125496
8	CURSE	curse	2	2	7	27543
80	DOORPOST	doorpost	5	5	1	34167
801	RIB	rib	5	5	2	95388
803	ANKLE	ankle	5	5	1	4059
804	WOMB	womb	5	5	3	124923
805	SPINE	spine	5	5	3	105742
806	BLANKET	blanket	5	5	1	11407
807	SKILLED	skilled	2	8	3	102797
808	DRIP (FALL IN GLOBULES)	drip	3	6	3	34942
809	TROUSERS	trousers	5	5	1	116262
81	FATHOM	fathom	1	5	2	41742
810	LOCUST	locust	5	3	5	67032
811	SOUL	soul	1	7	3	104974
812	SLAVE	slave	4	1	8	103102
813	DO	do	1	5	1	33695
815	GOVERNMENT	government	2	5	3	49362
816	HALF	half	3	5	1	51310
817	THEY	they	1	5	1	113065
818	WILLOW	willow	5	6	1	124322
819	STOMACH	stomach	5	5	2	107748
82	ANGER	anger	1	2	7	3905
820	LAMB	lamb	5	6	1	64222
821	POPLAR	poplar	5	5	1	86327
823	SORCERER	sorcerer	3	5	6	104877
824	WITCH	witch	4	5	6	124730
825	AWAKE	awaken	2	7	5	7419
827	ROLL	roll	3	5	3	96133
828	RACCOON	raccoon	5	5	3	90713
829	RAFTER	rafter	4	5	2	90930
83	FORBID	forbid	1	3	5	44700
830	SOOT	soot	5	3	2	104809
831	BASE	base	3	5	1	8792
832	BEAN	bean	5	5	1	9236
833	ENDURE	endure	1	5	5	37809
834	BUTTOCKS	buttocks	5	5	3	15212
835	CHAPTER	chapter	3	5	1	18472
836	SCREWDRIVER	screwdriver	5	5	2	99022
837	BLUE	blue	3	5	1	11881
838	REMAINS	remains	3	5	1	93577
84	JUST	just	1	5	1	62500
840	CORMORANT	cormorant	5	5	1	24956
842	LIQUOR	liquor	5	5	5	66588
843	SPIDER	spider	5	4	6	105664
844	KIND (THING)	sort	2	5	1	104919
845	MURDER	murder	2	1	9	74392
846	TIGER	tiger	5	7	7	113680
847	THIRSTY	thirsty	3	5	5	113181
848	THIRST	thirst	3	5	5	113173
849	SPRING (OF WATER)	fountain	5	6	1	45302
850	SQUARE	square	3	5	1	106366
851	STABLE	stall	3	5	1	106695
852	PRIEST	priest	4	6	3	88012
853	ALTAR	altar	4	5	2	3039
854	KETTLE	kettle	5	5	1	62975
855	SEIZE	seize	1	5	6	99787
857	STONE	stone	5	5	1	107770
858	STORM	storm	5	4	7	107895
859	STOVE	stove	5	5	2	107937
860	CAUSE	cause	1	5	3	17600
861	JUDGE	judge	3	5	5	62275
862	SUGAR	sugar	5	5	3	109274
863	EDGE	edge	3	5	5	36182
864	PUMPKIN	pumpkin	5	7	2	89656
865	FAME	fame	1	6	6	41381
866	WIN	win	1	9	7	124357
867	GLOVE	glove	5	5	1	48666
868	BANANA	banana	5	7	1	8237
869	BLADE	blade	5	5	7	11345
87	SQUINT-EYED	squint-eyed	4	3	3	106482
870	BREATH	breath	3	5	1	13618
871	RATTLESNAKE	rattlesnake	5	3	7	91489
873	TAX	tax	3	3	3	111763
874	CANDY	candy	5	8	3	16125
875	SHOEMAKER	shoemaker	4	5	2	101468
876	ARCH	arch	3	5	2	5402
877	MASON	mason	4	5	1	69667
878	HELL	hell	2	1	8	52920
879	COUGH	cough	5	3	3	25456
88	BEEHIVE	beehive	5	5	5	9559
880	REPEAT	repeat	1	5	2	93962
881	TAILOR	tailor	3	5	1	111139
882	PARROT	parrot	5	6	2	81527
883	TERMITE	termite	5	3	3	112507
884	SHARE	share	2	7	1	100940
885	OPPOSITE	opposite	1	5	1	78681
886	PARAKEET	parakeet	5	7	2	81225
887	BITTER	bitter	3	3	5	11167
888	POISONOUS	poisonous	3	2	7	85768
889	FLAME	flame	4	5	6	43415
890	MULE	mule	5	5	2	74121
891	TIDE	tide	4	5	2	113621
892	TIME	time	1	5	1	113780
893	TIN (METAL)	tin	5	5	1	113859
894	TOAD	toad	5	5	1	114103
895	TORTOISE	tortoise	5	5	1	114670
896	ANACONDA (WATER BOA)	anaconda	5	5	6	3593
897	SWALLOW	swallow	3	5	3	110255
898	TRADE	trade	2	5	1	115025
899	PRESIDENT	president	3	5	5	87765
9	ANNOUNCE	announce	1	5	3	4125
90	INNOCENT	innocent	1	8	2	59064
900	TRAIN	train	3	5	1	115125
901	ADOBE	adobe	5	6	1	1402
902	ADULTERY	adultery	2	1	7	1501
903	ASPEN	aspen	5	6	1	6161
904	BERRY	berry	5	7	1	10181
905	BORING	boring	2	3	1	12804
906	TREE	tree	5	7	1	115689
908	DRUM	drum	5	5	5	35125
909	GARBAGE	garbage	5	2	3	47064
91	INSOLENT	insolent	1	3	5	59341
910	DEATH	death	3	1	9	28611
911	TEMPLE	temple	4	7	2	112246
912	COYOTE	coyote	5	5	3	26004
913	CROW	crow	5	5	3	26902
914	SCULPTOR	sculptor	4	7	3	99207
915	SINK (BASIN)	washbasin	5	5	1	122702
916	LINEN	linen	4	6	1	66401
917	ORNAMENT	ornament	4	6	1	79021
919	CHILI PEPPER	chili	5	6	3	19188
92	SPOIL (SOMEBODY OR SOMETHING)	spoil	3	5	3	105967
920	GRAPE	grape	5	5	1	49652
921	VALLEY	valley	5	6	1	120553
922	PEAR	pear	5	6	1	82271
923	LOVE	love	1	9	9	67554
924	VEGETABLES	vegetable	5	6	1	120848
925	CASSAVA	manioc	5	5	1	69054
926	RICE	rice	5	5	1	95425
928	EMBRACE	hug	4	8	3	55198
930	VILLAGE	village	5	6	1	121542
931	MILLET	millet	5	5	1	71731
932	BARLEY	barley	5	5	1	8629
933	WALL (OF HOUSE)	wall	5	5	1	122426
934	BUFFALO	buffalo	5	5	2	14461
935	WAR	war	2	1	9	122543
936	STALLION	stallion	5	7	6	106705
937	BIRD	bird	5	7	1	11000
938	MARE	mare	5	5	3	69323
94	GRADUALLY	by-and-by	1	5	2	15279
940	STRAIN	strain	2	3	6	108006
941	MEAD	mead	5	6	1	70126
942	HONEY	honey	5	7	1	54471
943	WATERFALL	waterfall	5	8	3	122858
944	SALMON	salmon	5	6	1	97492
945	SPEAR	spear	5	5	6	105387
946	BLOOD	blood	5	3	7	11708
947	STREAM	stream	4	6	1	108146
948	WATER	water	5	5	1	122820
950	SEAGULL	seagull	5	5	2	99303
951	WEAPONS	weapon	4	2	8	123083
952	WEATHER	weather	3	5	1	123120
953	RAPE	rape	1	1	9	91285
954	WELL	well	3	5	1	123385
955	GREASY	greasy	4	3	3	49877
956	FLEE	flee	3	3	8	43657
957	WHALE	whale	5	5	2	123582
958	WILD ANIMAL	beast	4	5	7	9306
96	CRAWL	crawl	3	5	3	26258
960	WIND	wind	4	5	1	124373
961	PEBBLES	pebbles	5	5	1	82316
962	WOMAN	woman	5	6	3	124904
963	BOOK	book	5	7	1	12576
964	WOOL	wool	5	5	1	125088
965	WORLD	world	3	5	1	125269
966	BRAKE	brake	5	5	2	13330
967	YEAST	yeast	5	5	1	125816
968	ACORN	acorn	5	5	1	889
969	CIGARETTE	cigarette	5	3	5	19926
97	THROUGH	through	1	5	1	113401
970	COCONUT	coconut	5	7	1	21401
971	MUST	must	1	5	3	74561
972	BE ABLE	can	3	5	1	16031
973	NOODLE	noodles	5	7	1	76870
974	TOBACCO	tobacco	5	3	5	114134
975	SPINACH	spinach	5	6	1	105720
976	WEAR	wear	3	5	1	123088
977	ARROW	arrow	5	5	5	5850
978	WAVE	wave	3	6	2	122975
979	FARMER	farmer	4	6	1	41563
98	ALL	all	1	5	1	2732
980	HEEL	heel	5	5	2	52780
981	ELBOW	elbow	5	5	1	36626
983	CONVICT	convict	3	2	6	24532
984	WORK (LABOUR)	work	2	5	5	125164
985	VINEGAR	vinegar	5	5	2	121592
986	TOMATO	tomato	5	5	1	114308
987	REMAIN	remain	1	5	1	93570
988	ACQUIT	acquit	1	5	5	930
989	CLEAR	clear	1	7	1	20550
99	HUNCHBACK	hunchback	4	3	5	55384
990	CREEK (TIDAL)	creek	5	6	1	26400
991	FRY	fry	4	5	5	46203
992	CLIFF	cliff	5	5	5	20690
994	BOW	bow	3	5	3	13057
995	QUIVER (FOR ARROWS)	quiver	3	5	6	90624
996	DEAF	deaf	3	5	3	28567
998	PUT	put	1	5	1	89995
999	JOINT	joint	3	5	3	62066
